Unnamed: 0,City,State_x,Lat,Lng,Airport Name,Airport Address,Airport Rating,Airport Code,Cheapest_Outbound_Airfare,Cheapest_Return_Airfare,Hotel,Rating,State_y,Country,Price,location,name,rating,review_count
0.0,New York,New York,40.7127753,-74.0059728,Newark Liberty International Airport,"3 Brewster Rd, Newark",3.2,EWR,109.0,117.0,Artezen Hotel,4.0,NY,us,87.12,New York,Brooklyn Bridge,4.5,1398.0
0.0,New York,New York,40.7127753,-74.0059728,Newark Liberty International Airport,"3 Brewster Rd, Newark",3.2,EWR,109.0,117.0,World Center Hotel,4.0,NY,us,79.2,New York,Brooklyn Bridge,4.5,1398.0
0.0,New York,New York,40.7127753,-74.0059728,Newark Liberty International Airport,"3 Brewster Rd, Newark",3.2,EWR,109.0,117.0,Fairfield Inn & Suites by Marriott/World Trade Center Area,3.0,NY,us,69.3,New York,Brooklyn Bridge,4.5,1398.0
0.0,New York,New York,40.7127753,-74.0059728,Newark Liberty International Airport,"3 Brewster Rd, Newark",3.2,EWR,109.0,117.0,Holiday Inn Express New York City- Wall Street,3.0,NY,us,74.25,New York,Brooklyn Bridge,4.5,1398.0
0.0,New York,New York,40.7127753,-74.0059728,Newark Liberty International Airport,"3 Brewster Rd, Newark",3.2,EWR,109.0,117.0,Aloft Manhattan Downtown - Financial District,3.0,NY,us,68.4,New York,Brooklyn Bridge,4.5,1398.0
0.0,New York,New York,40.7127753,-74.0059728,Newark Liberty International Airport,"3 Brewster Rd, Newark",3.2,EWR,109.0,117.0,Night Hotel Broadway,2.5,NY,us,101.09,New York,Brooklyn Bridge,4.5,1398.0
0.0,New York,New York,40.7127753,-74.0059728,Newark Liberty International Airport,"3 Brewster Rd, Newark",3.2,EWR,109.0,117.0,"Club Quarters Hotel, World Trade Center",4.0,NY,us,79.2,New York,Brooklyn Bridge,4.5,1398.0
0.0,New York,New York,40.7127753,-74.0059728,Newark Liberty International Airport,"3 Brewster Rd, Newark",3.2,EWR,109.0,117.0,Walker Hotel Tribeca,3.5,NY,us,84.7,New York,Brooklyn Bridge,4.5,1398.0
1.0,Los Angeles,California,34.0522342,-118.24368490000002,Los Angeles International Airport,"1 World Way, Los Angeles",3.5,LAX,79.0,79.0,L.A Financial District Rentals,3.5,CA,us,70.38,Los Angeles,Urban Light at LACMA,4.5,522.0
1.0,Los Angeles,California,34.0522342,-118.24368490000002,Los Angeles International Airport,"1 World Way, Los Angeles",3.5,LAX,79.0,79.0,Musical district Downtown LA Rentals,3.5,CA,us,74.34,Los Angeles,Urban Light at LACMA,4.5,522.0
1.0,Los Angeles,California,34.0522342,-118.24368490000002,Los Angeles International Airport,"1 World Way, Los Angeles",3.5,LAX,79.0,79.0,DoubleTree by Hilton Hotel Los Angeles Downtown,3.5,CA,us,112.24,Los Angeles,Urban Light at LACMA,4.5,522.0
1.0,Los Angeles,California,34.0522342,-118.24368490000002,Los Angeles International Airport,"1 World Way, Los Angeles",3.5,LAX,79.0,79.0,Miyako Hotel Los Angeles,3.0,CA,us,120.0,Los Angeles,Urban Light at LACMA,4.5,522.0
1.0,Los Angeles,California,34.0522342,-118.24368490000002,Los Angeles International Airport,"1 World Way, Los Angeles",3.5,LAX,79.0,79.0,Kawada Hotel,3.0,CA,us,85.75,Los Angeles,Urban Light at LACMA,4.5,522.0
1.0,Los Angeles,California,34.0522342,-118.24368490000002,Los Angeles International Airport,"1 World Way, Los Angeles",3.5,LAX,79.0,79.0,Omni Los Angeles Hotel at California Plaza,4.5,CA,us,119.0,Los Angeles,Urban Light at LACMA,4.5,522.0
1.0,Los Angeles,California,34.0522342,-118.24368490000002,Los Angeles International Airport,"1 World Way, Los Angeles",3.5,LAX,79.0,79.0,Little Tokyo Hotel,2.0,CA,us,64.26,Los Angeles,Urban Light at LACMA,4.5,522.0
1.0,Los Angeles,California,34.0522342,-118.24368490000002,Los Angeles International Airport,"1 World Way, Los Angeles",3.5,LAX,79.0,79.0,Millennium Biltmore Los Angeles,4.0,CA,us,98.04,Los Angeles,Urban Light at LACMA,4.5,522.0
2.0,Chicago,Illinois,41.8781136,-87.62979820000002,O'Hare International Airport,"10000 W O'Hare Ave, Chicago",3.6,ORD,93.0,173.0,Congress Plaza Hotel,3.5,IL,us,76.23,Chicago,Garfield Park Conservatory,5.0,632.0
2.0,Chicago,Illinois,41.8781136,-87.62979820000002,O'Hare International Airport,"10000 W O'Hare Ave, Chicago",3.6,ORD,93.0,173.0,La Quinta Inn & Suites by Wyndham Chicago Downtown,3.0,IL,us,75.65,Chicago,Garfield Park Conservatory,5.0,632.0
2.0,Chicago,Illinois,41.8781136,-87.62979820000002,O'Hare International Airport,"10000 W O'Hare Ave, Chicago",3.6,ORD,93.0,173.0,Travelodge by Wyndham Downtown Chicago,2.0,IL,us,75.65,Chicago,Garfield Park Conservatory,5.0,632.0
2.0,Chicago,Illinois,41.8781136,-87.62979820000002,O'Hare International Airport,"10000 W O'Hare Ave, Chicago",3.6,ORD,93.0,173.0,Royal Sonesta Chicago Riverfront,4.0,IL,us,82.69,Chicago,Garfield Park Conservatory,5.0,632.0
2.0,Chicago,Illinois,41.8781136,-87.62979820000002,O'Hare International Airport,"10000 W O'Hare Ave, Chicago",3.6,ORD,93.0,173.0,Best Western Grant Park Hotel,2.5,IL,us,53.21,Chicago,Garfield Park Conservatory,5.0,632.0
2.0,Chicago,Illinois,41.8781136,-87.62979820000002,O'Hare International Airport,"10000 W O'Hare Ave, Chicago",3.6,ORD,93.0,173.0,Old Chicago Inn,2.0,IL,us,67.5,Chicago,Garfield Park Conservatory,5.0,632.0
2.0,Chicago,Illinois,41.8781136,-87.62979820000002,O'Hare International Airport,"10000 W O'Hare Ave, Chicago",3.6,ORD,93.0,173.0,Virgin Hotels Chicago,4.5,IL,us,120.95,Chicago,Garfield Park Conservatory,5.0,632.0
2.0,Chicago,Illinois,41.8781136,-87.62979820000002,O'Hare International Airport,"10000 W O'Hare Ave, Chicago",3.6,ORD,93.0,173.0,The Allegro Royal Sonesta Hotel,4.0,IL,us,83.2,Chicago,Garfield Park Conservatory,5.0,632.0
3.0,Houston,Texas,29.7604267,-95.3698028,William P. Hobby Airport,"7800 Airport Blvd, Houston",4.0,HOU,180.0,378.0,The Whitehall Houston,4.0,TX,us,130.35,Houston,Hermann Park Conservancy,4.5,209.0
3.0,Houston,Texas,29.7604267,-95.3698028,William P. Hobby Airport,"7800 Airport Blvd, Houston",4.0,HOU,180.0,378.0,Club Quarters Hotel in Houston,4.0,TX,us,75.65,Houston,Hermann Park Conservancy,4.5,209.0
3.0,Houston,Texas,29.7604267,-95.3698028,William P. Hobby Airport,"7800 Airport Blvd, Houston",4.0,HOU,180.0,378.0,The Lancaster Hotel,4.0,TX,us,141.35,Houston,Hermann Park Conservancy,4.5,209.0
3.0,Houston,Texas,29.7604267,-95.3698028,William P. Hobby Airport,"7800 Airport Blvd, Houston",4.0,HOU,180.0,378.0,Hyatt Regency Houston,4.0,TX,us,135.15,Houston,Hermann Park Conservancy,4.5,209.0
3.0,Houston,Texas,29.7604267,-95.3698028,William P. Hobby Airport,"7800 Airport Blvd, Houston",4.0,HOU,180.0,378.0,Best Western Plus Downtown Inn & Suites,3.0,TX,us,119.25,Houston,Hermann Park Conservancy,4.5,209.0
3.0,Houston,Texas,29.7604267,-95.3698028,William P. Hobby Airport,"7800 Airport Blvd, Houston",4.0,HOU,180.0,378.0,Holiday Inn Houston Downtown,3.0,TX,us,93.13,Houston,Hermann Park Conservancy,4.5,209.0
3.0,Houston,Texas,29.7604267,-95.3698028,William P. Hobby Airport,"7800 Airport Blvd, Houston",4.0,HOU,180.0,378.0,Le Meridien Houston Downtown,4.0,TX,us,120.3,Houston,Hermann Park Conservancy,4.5,209.0
3.0,Houston,Texas,29.7604267,-95.3698028,William P. Hobby Airport,"7800 Airport Blvd, Houston",4.0,HOU,180.0,378.0,Residence Inn by Marriott Houston Downtown/Convention Center,3.0,TX,us,84.15,Houston,Hermann Park Conservancy,4.5,209.0
4.0,Philadelphia,Pennsylvania,39.9525839,-75.1652215,Philadelphia International Airport,"8000 Essington Ave, Philadelphia",3.3,PHL,93.0,93.0,ROOST Rittenhouse,4.0,PA,us,126.41,Philadelphia,Eastern State Penitentiary Historic Site,4.5,792.0
4.0,Philadelphia,Pennsylvania,39.9525839,-75.1652215,Philadelphia International Airport,"8000 Essington Ave, Philadelphia",3.3,PHL,93.0,93.0,The Windsor Suites,4.0,PA,us,118.15,Philadelphia,Eastern State Penitentiary Historic Site,4.5,792.0
4.0,Philadelphia,Pennsylvania,39.9525839,-75.1652215,Philadelphia International Airport,"8000 Essington Ave, Philadelphia",3.3,PHL,93.0,93.0,Club Quarters Hotel in Philadelphia,4.0,PA,us,80.19,Philadelphia,Eastern State Penitentiary Historic Site,4.5,792.0
4.0,Philadelphia,Pennsylvania,39.9525839,-75.1652215,Philadelphia International Airport,"8000 Essington Ave, Philadelphia",3.3,PHL,93.0,93.0,ROOST Midtown,4.0,PA,us,141.37,Philadelphia,Eastern State Penitentiary Historic Site,4.5,792.0
4.0,Philadelphia,Pennsylvania,39.9525839,-75.1652215,Philadelphia International Airport,"8000 Essington Ave, Philadelphia",3.3,PHL,93.0,93.0,Warwick Hotel Rittenhouse Square,4.0,PA,us,116.71,Philadelphia,Eastern State Penitentiary Historic Site,4.5,792.0
4.0,Philadelphia,Pennsylvania,39.9525839,-75.1652215,Philadelphia International Airport,"8000 Essington Ave, Philadelphia",3.3,PHL,93.0,93.0,The Lighthouse Walk to Independence Hall Sun-drenched Apt,3.5,PA,us,83.68,Philadelphia,Eastern State Penitentiary Historic Site,4.5,792.0
4.0,Philadelphia,Pennsylvania,39.9525839,-75.1652215,Philadelphia International Airport,"8000 Essington Ave, Philadelphia",3.3,PHL,93.0,93.0,Loews Philadelphia Hotel,4.0,PA,us,119.25,Philadelphia,Eastern State Penitentiary Historic Site,4.5,792.0
4.0,Philadelphia,Pennsylvania,39.9525839,-75.1652215,Philadelphia International Airport,"8000 Essington Ave, Philadelphia",3.3,PHL,93.0,93.0,Sonesta Philadelphia Rittenhouse Square,4.0,PA,us,122.18,Philadelphia,Eastern State Penitentiary Historic Site,4.5,792.0
5.0,Phoenix,Arizona,33.4483771,-112.0740373,Phoenix Sky Harbor International Airport,"3400 E Sky Harbor Blvd, Phoenix",3.9,PHX,112.0,102.0,Kimpton Hotel Palomar Phoenix Cityscape,4.0,AZ,us,128.55,Phoenix,Western Destinations,5.0,50.0
5.0,Phoenix,Arizona,33.4483771,-112.0740373,Phoenix Sky Harbor International Airport,"3400 E Sky Harbor Blvd, Phoenix",3.9,PHX,112.0,102.0,Hyatt Regency Phoenix,4.0,AZ,us,169.15,Phoenix,Western Destinations,5.0,50.0
5.0,Phoenix,Arizona,33.4483771,-112.0740373,Phoenix Sky Harbor International Airport,"3400 E Sky Harbor Blvd, Phoenix",3.9,PHX,112.0,102.0,Hotel San Carlos - Downtown Convention Center,3.0,AZ,us,132.3,Phoenix,Western Destinations,5.0,50.0
5.0,Phoenix,Arizona,33.4483771,-112.0740373,Phoenix Sky Harbor International Airport,"3400 E Sky Harbor Blvd, Phoenix",3.9,PHX,112.0,102.0,Hampton Inn & Suites Phoenix Downtown,3.0,AZ,us,95.2,Phoenix,Western Destinations,5.0,50.0
5.0,Phoenix,Arizona,33.4483771,-112.0740373,Phoenix Sky Harbor International Airport,"3400 E Sky Harbor Blvd, Phoenix",3.9,PHX,112.0,102.0,Best Western Downtown Phoenix,2.5,AZ,us,151.68,Phoenix,Western Destinations,5.0,50.0
5.0,Phoenix,Arizona,33.4483771,-112.0740373,Phoenix Sky Harbor International Airport,"3400 E Sky Harbor Blvd, Phoenix",3.9,PHX,112.0,102.0,FOUNDRE Phoenix,4.0,AZ,us,206.1,Phoenix,Western Destinations,5.0,50.0
5.0,Phoenix,Arizona,33.4483771,-112.0740373,Phoenix Sky Harbor International Airport,"3400 E Sky Harbor Blvd, Phoenix",3.9,PHX,112.0,102.0,Travelodge by Wyndham Phoenix Downtown,2.0,AZ,us,77.28,Phoenix,Western Destinations,5.0,50.0
6.0,San Antonio,Texas,29.4241219,-98.4936282,San Antonio International Airport,"9800 Airport Blvd, San Antonio",4.0,SAT,186.0,112.0,Wyndham San Antonio River Walk,4.0,TX,us,101.91,San Antonio,Morgan's Wonderland,5.0,96.0
6.0,San Antonio,Texas,29.4241219,-98.4936282,San Antonio International Airport,"9800 Airport Blvd, San Antonio",4.0,SAT,186.0,112.0,La Quinta Inn & Suites by Wyndham San Antonio Downtown,2.5,TX,us,104.5,San Antonio,Morgan's Wonderland,5.0,96.0
6.0,San Antonio,Texas,29.4241219,-98.4936282,San Antonio International Airport,"9800 Airport Blvd, San Antonio",4.0,SAT,186.0,112.0,Best Western Premier Historic Travelers Hotel Alamo Riverwalk,3.0,TX,us,91.26,San Antonio,Morgan's Wonderland,5.0,96.0
6.0,San Antonio,Texas,29.4241219,-98.4936282,San Antonio International Airport,"9800 Airport Blvd, San Antonio",4.0,SAT,186.0,112.0,Riverwalk Plaza,4.0,TX,us,147.6,San Antonio,Morgan's Wonderland,5.0,96.0
6.0,San Antonio,Texas,29.4241219,-98.4936282,San Antonio International Airport,"9800 Airport Blvd, San Antonio",4.0,SAT,186.0,112.0,Menger Hotel,3.5,TX,us,130.95,San Antonio,Morgan's Wonderland,5.0,96.0
6.0,San Antonio,Texas,29.4241219,-98.4936282,San Antonio International Airport,"9800 Airport Blvd, San Antonio",4.0,SAT,186.0,112.0,Days Inn by Wyndham San Antonio Alamo/Riverwalk,2.0,TX,us,53.2,San Antonio,Morgan's Wonderland,5.0,96.0
6.0,San Antonio,Texas,29.4241219,-98.4936282,San Antonio International Airport,"9800 Airport Blvd, San Antonio",4.0,SAT,186.0,112.0,Omni La Mansion del Rio,4.0,TX,us,192.6,San Antonio,Morgan's Wonderland,5.0,96.0
6.0,San Antonio,Texas,29.4241219,-98.4936282,San Antonio International Airport,"9800 Airport Blvd, San Antonio",4.0,SAT,186.0,112.0,Hotel Contessa - Luxury Suites on the Riverwalk,4.0,TX,us,195.77,San Antonio,Morgan's Wonderland,5.0,96.0
7.0,San Diego,California,32.715738,-117.1610838,San Diego International Airport,"3225 N Harbor Dr, San Diego",3.9,SAN,97.0,94.0,Westgate Hotel,4.5,CA,us,123.01,San Diego,Balboa Park,5.0,2124.0
7.0,San Diego,California,32.715738,-117.1610838,San Diego International Airport,"3225 N Harbor Dr, San Diego",3.9,SAN,97.0,94.0,Baymont by Wyndham San Diego Downtown,2.5,CA,us,67.15,San Diego,Balboa Park,5.0,2124.0
7.0,San Diego,California,32.715738,-117.1610838,San Diego International Airport,"3225 N Harbor Dr, San Diego",3.9,SAN,97.0,94.0,Wyndham San Diego Bayside,4.0,CA,us,90.44,San Diego,Balboa Park,5.0,2124.0
7.0,San Diego,California,32.715738,-117.1610838,San Diego International Airport,"3225 N Harbor Dr, San Diego",3.9,SAN,97.0,94.0,Gaslamp Plaza Suites,3.5,CA,us,99.0,San Diego,Balboa Park,5.0,2124.0
7.0,San Diego,California,32.715738,-117.1610838,San Diego International Airport,"3225 N Harbor Dr, San Diego",3.9,SAN,97.0,94.0,Days Inn by Wyndham San Diego/Downtown/Convention Center,2.0,CA,us,73.95,San Diego,Balboa Park,5.0,2124.0
7.0,San Diego,California,32.715738,-117.1610838,San Diego International Airport,"3225 N Harbor Dr, San Diego",3.9,SAN,97.0,94.0,Old Town Inn,2.5,CA,us,83.9,San Diego,Balboa Park,5.0,2124.0
7.0,San Diego,California,32.715738,-117.1610838,San Diego International Airport,"3225 N Harbor Dr, San Diego",3.9,SAN,97.0,94.0,The Sofia Hotel,3.5,CA,us,98.05,San Diego,Balboa Park,5.0,2124.0
7.0,San Diego,California,32.715738,-117.1610838,San Diego International Airport,"3225 N Harbor Dr, San Diego",3.9,SAN,97.0,94.0,"Hotel Republic San Diego, Autograph Collection",4.0,CA,us,129.0,San Diego,Balboa Park,5.0,2124.0
8.0,Dallas,Texas,32.7766642,-96.7969879,Dallas/Fort Worth International Airport,"2400 Aviation Dr, DFW Airport",3.8,SJC,167.0,156.0,La Quinta Inn & Suites by Wyndham Dallas Downtown,3.0,TX,us,76.24,Dallas,Katy Trail,4.5,215.0
8.0,Dallas,Texas,32.7766642,-96.7969879,Dallas/Fort Worth International Airport,"2400 Aviation Dr, DFW Airport",3.8,SJC,167.0,156.0,Magnolia Hotel Dallas Downtown,4.0,TX,us,108.36,Dallas,Katy Trail,4.5,215.0
8.0,Dallas,Texas,32.7766642,-96.7969879,Dallas/Fort Worth International Airport,"2400 Aviation Dr, DFW Airport",3.8,SJC,167.0,156.0,Lorenzo Hotel,4.0,TX,us,159.2,Dallas,Katy Trail,4.5,215.0
8.0,Dallas,Texas,32.7766642,-96.7969879,Dallas/Fort Worth International Airport,"2400 Aviation Dr, DFW Airport",3.8,SJC,167.0,156.0,Hyatt Regency Dallas,4.0,TX,us,118.15,Dallas,Katy Trail,4.5,215.0
8.0,Dallas,Texas,32.7766642,-96.7969879,Dallas/Fort Worth International Airport,"2400 Aviation Dr, DFW Airport",3.8,SJC,167.0,156.0,Omni Dallas Hotel,4.5,TX,us,170.1,Dallas,Katy Trail,4.5,215.0
8.0,Dallas,Texas,32.7766642,-96.7969879,Dallas/Fort Worth International Airport,"2400 Aviation Dr, DFW Airport",3.8,SJC,167.0,156.0,Cozysuites Lovely Sky Pool in Dallas 2BR 2BA,4.0,TX,us,146.0,Dallas,Katy Trail,4.5,215.0
8.0,Dallas,Texas,32.7766642,-96.7969879,Dallas/Fort Worth International Airport,"2400 Aviation Dr, DFW Airport",3.8,SJC,167.0,156.0,The Statler Dallas Curio Collection By Hilton,4.0,TX,us,142.12,Dallas,Katy Trail,4.5,215.0
8.0,Dallas,Texas,32.7766642,-96.7969879,Dallas/Fort Worth International Airport,"2400 Aviation Dr, DFW Airport",3.8,SJC,167.0,156.0,Fairmont Dallas,4.5,TX,us,94.37,Dallas,Katy Trail,4.5,215.0
9.0,San Jose,California,37.3382082,-121.88632859999998,San Francisco International Airport,"798 E Atherton Dr, Manteca",4.1,SFO,114.0,72.0,@ Marbella Lane Triplex San Jose,3.5,CA,us,90.09,San Jose,Mount Hermon Adventures,5.0,524.0
9.0,San Jose,California,37.3382082,-121.88632859999998,San Francisco International Airport,"798 E Atherton Dr, Manteca",4.1,SFO,114.0,72.0,Arena Hotel,3.0,CA,us,76.0,San Jose,Mount Hermon Adventures,5.0,524.0
9.0,San Jose,California,37.3382082,-121.88632859999998,San Francisco International Airport,"798 E Atherton Dr, Manteca",4.1,SFO,114.0,72.0,Wyndham Garden San Jose Airport,3.0,CA,us,95.0,San Jose,Mount Hermon Adventures,5.0,524.0
9.0,San Jose,California,37.3382082,-121.88632859999998,San Francisco International Airport,"798 E Atherton Dr, Manteca",4.1,SFO,114.0,72.0,Hotel Clariana,3.5,CA,us,111.2,San Jose,Mount Hermon Adventures,5.0,524.0
9.0,San Jose,California,37.3382082,-121.88632859999998,San Francisco International Airport,"798 E Atherton Dr, Manteca",4.1,SFO,114.0,72.0,"Country Inn & Suites by Radisson, San Jose International Airport, CA",3.0,CA,us,73.85,San Jose,Mount Hermon Adventures,5.0,524.0
9.0,San Jose,California,37.3382082,-121.88632859999998,San Francisco International Airport,"798 E Atherton Dr, Manteca",4.1,SFO,114.0,72.0,Hyatt Place San Jose/Downtown,3.5,CA,us,92.65,San Jose,Mount Hermon Adventures,5.0,524.0
9.0,San Jose,California,37.3382082,-121.88632859999998,San Francisco International Airport,"798 E Atherton Dr, Manteca",4.1,SFO,114.0,72.0,@ Marbella Lane Duplex San Jose ,3.5,CA,us,153.25,San Jose,Mount Hermon Adventures,5.0,524.0
9.0,San Jose,California,37.3382082,-121.88632859999998,San Francisco International Airport,"798 E Atherton Dr, Manteca",4.1,SFO,114.0,72.0,Sunny Studio Near Downtown San Jose,3.5,CA,us,101.0,San Jose,Mount Hermon Adventures,5.0,524.0
10.0,Austin,Texas,30.267153000000004,-97.7430608,Austin-Bergstrom International Airport,"3600 Presidential Blvd, Austin",4.0,AUS,112.0,104.0,Fairmont Austin,4.0,TX,us,104.0,Austin,Lake Travis Zipline Adventures,5.0,590.0
10.0,Austin,Texas,30.267153000000004,-97.7430608,Austin-Bergstrom International Airport,"3600 Presidential Blvd, Austin",4.0,AUS,112.0,104.0,The Stephen F Austin Royal Sonesta Hotel,4.0,TX,us,116.1,Austin,Lake Travis Zipline Adventures,5.0,590.0
10.0,Austin,Texas,30.267153000000004,-97.7430608,Austin-Bergstrom International Airport,"3600 Presidential Blvd, Austin",4.0,AUS,112.0,104.0,Omni Austin Hotel,4.0,TX,us,156.6,Austin,Lake Travis Zipline Adventures,5.0,590.0
10.0,Austin,Texas,30.267153000000004,-97.7430608,Austin-Bergstrom International Airport,"3600 Presidential Blvd, Austin",4.0,AUS,112.0,104.0,La Quinta Inn by Wyndham Austin Capitol / Downtown,2.5,TX,us,55.08,Austin,Lake Travis Zipline Adventures,5.0,590.0
10.0,Austin,Texas,30.267153000000004,-97.7430608,Austin-Bergstrom International Airport,"3600 Presidential Blvd, Austin",4.0,AUS,112.0,104.0,The LINE Austin,4.0,TX,us,178.74,Austin,Lake Travis Zipline Adventures,5.0,590.0
10.0,Austin,Texas,30.267153000000004,-97.7430608,Austin-Bergstrom International Airport,"3600 Presidential Blvd, Austin",4.0,AUS,112.0,104.0,Mint House SoCo Austin,3.5,TX,us,244.38,Austin,Lake Travis Zipline Adventures,5.0,590.0
10.0,Austin,Texas,30.267153000000004,-97.7430608,Austin-Bergstrom International Airport,"3600 Presidential Blvd, Austin",4.0,AUS,112.0,104.0,Holiday Inn Express & Suites Austin Downtown - University,2.5,TX,us,90.85,Austin,Lake Travis Zipline Adventures,5.0,590.0
10.0,Austin,Texas,30.267153000000004,-97.7430608,Austin-Bergstrom International Airport,"3600 Presidential Blvd, Austin",4.0,AUS,112.0,104.0,Extended Stay America Austin - Downtown - Town Lake,2.5,TX,us,71.99,Austin,Lake Travis Zipline Adventures,5.0,590.0
11.0,Jacksonville,Florida,30.3321838,-81.655651,Jacksonville International Airport,"2400 Yankee Clipper Dr, Jacksonville",4.2,JAX,187.0,160.0,Omni Jacksonville Hotel,4.0,FL,us,138.6,Jacksonville,Catty Shack Ranch Wildlife Sanctuary,5.0,122.0
11.0,Jacksonville,Florida,30.3321838,-81.655651,Jacksonville International Airport,"2400 Yankee Clipper Dr, Jacksonville",4.2,JAX,187.0,160.0,Extended Stay America - Jacksonville -Riverwalk -Conv Center,2.5,FL,us,89.99,Jacksonville,Catty Shack Ranch Wildlife Sanctuary,5.0,122.0
11.0,Jacksonville,Florida,30.3321838,-81.655651,Jacksonville International Airport,"2400 Yankee Clipper Dr, Jacksonville",4.2,JAX,187.0,160.0,DoubleTree by Hilton Hotel Jacksonville Riverfront,3.5,FL,us,106.33,Jacksonville,Catty Shack Ranch Wildlife Sanctuary,5.0,122.0
11.0,Jacksonville,Florida,30.3321838,-81.655651,Jacksonville International Airport,"2400 Yankee Clipper Dr, Jacksonville",4.2,JAX,187.0,160.0,Magnuson Hotel Jacksonville Downtown,2.0,FL,us,55.2,Jacksonville,Catty Shack Ranch Wildlife Sanctuary,5.0,122.0
11.0,Jacksonville,Florida,30.3321838,-81.655651,Jacksonville International Airport,"2400 Yankee Clipper Dr, Jacksonville",4.2,JAX,187.0,160.0,Southbank Hotel Jacksonville Riverwalk,3.5,FL,us,118.15,Jacksonville,Catty Shack Ranch Wildlife Sanctuary,5.0,122.0
11.0,Jacksonville,Florida,30.3321838,-81.655651,Jacksonville International Airport,"2400 Yankee Clipper Dr, Jacksonville",4.2,JAX,187.0,160.0,Casa Paradiso,4.0,FL,us,164.0,Jacksonville,Catty Shack Ranch Wildlife Sanctuary,5.0,122.0
11.0,Jacksonville,Florida,30.3321838,-81.655651,Jacksonville International Airport,"2400 Yankee Clipper Dr, Jacksonville",4.2,JAX,187.0,160.0,Hilton Garden Inn Jacksonville Downtown Southbank,3.0,FL,us,118.15,Jacksonville,Catty Shack Ranch Wildlife Sanctuary,5.0,122.0
11.0,Jacksonville,Florida,30.3321838,-81.655651,Jacksonville International Airport,"2400 Yankee Clipper Dr, Jacksonville",4.2,JAX,187.0,160.0,Riverdale Inn,3.0,FL,us,185.0,Jacksonville,Catty Shack Ranch Wildlife Sanctuary,5.0,122.0
12.0,San Francisco,California,37.7749295,-122.4194155,San Francisco International Airport,"799 E Atherton Dr, Manteca",4.1,SFO,114.0,72.0,Mithila Hotel,2.0,CA,us,44.49,San Francisco,Tom and Jerry's House,5.0,87.0
12.0,San Francisco,California,37.7749295,-122.4194155,San Francisco International Airport,"799 E Atherton Dr, Manteca",4.1,SFO,114.0,72.0,Embassy Hotel,2.5,CA,us,78.79,San Francisco,Tom and Jerry's House,5.0,87.0
12.0,San Francisco,California,37.7749295,-122.4194155,San Francisco International Airport,"799 E Atherton Dr, Manteca",4.1,SFO,114.0,72.0,The Phoenix Hotel,2.5,CA,us,134.1,San Francisco,Tom and Jerry's House,5.0,87.0
12.0,San Francisco,California,37.7749295,-122.4194155,San Francisco International Airport,"799 E Atherton Dr, Manteca",4.1,SFO,114.0,72.0,Hayes Valley Inn,3.0,CA,us,71.5,San Francisco,Tom and Jerry's House,5.0,87.0
12.0,San Francisco,California,37.7749295,-122.4194155,San Francisco International Airport,"799 E Atherton Dr, Manteca",4.1,SFO,114.0,72.0,SOMA Park Inn – Civic Center,2.0,CA,us,78.75,San Francisco,Tom and Jerry's House,5.0,87.0
12.0,San Francisco,California,37.7749295,-122.4194155,San Francisco International Airport,"799 E Atherton Dr, Manteca",4.1,SFO,114.0,72.0,San Francisco Inn,2.0,CA,us,76.5,San Francisco,Tom and Jerry's House,5.0,87.0
12.0,San Francisco,California,37.7749295,-122.4194155,San Francisco International Airport,"799 E Atherton Dr, Manteca",4.1,SFO,114.0,72.0,1906 Mission,2.5,CA,us,91.23,San Francisco,Tom and Jerry's House,5.0,87.0
12.0,San Francisco,California,37.7749295,-122.4194155,San Francisco International Airport,"799 E Atherton Dr, Manteca",4.1,SFO,114.0,72.0,City Center Inn & Suites,2.0,CA,us,87.2,San Francisco,Tom and Jerry's House,5.0,87.0
13.0,Indianapolis,Indiana,39.768403,-86.158068,Indianapolis International Airport,"7800 Col. H. Weir Cook Memorial Dr, Indianapolis",4.3,ATL,47.0,92.0,Best Western Plus Indianapolis Downtown,2.5,IN,us,79.91,Indianapolis,White River State Park,5.0,75.0
13.0,Indianapolis,Indiana,39.768403,-86.158068,Indianapolis International Airport,"7800 Col. H. Weir Cook Memorial Dr, Indianapolis",4.3,ATL,47.0,92.0,Omni Severin Hotel,4.0,IN,us,184.73,Indianapolis,White River State Park,5.0,75.0
13.0,Indianapolis,Indiana,39.768403,-86.158068,Indianapolis International Airport,"7800 Col. H. Weir Cook Memorial Dr, Indianapolis",4.3,ATL,47.0,92.0,Hyatt House Indianapolis Downtown,3.0,IN,us,143.65,Indianapolis,White River State Park,5.0,75.0
13.0,Indianapolis,Indiana,39.768403,-86.158068,Indianapolis International Airport,"7800 Col. H. Weir Cook Memorial Dr, Indianapolis",4.3,ATL,47.0,92.0,The Alexander,4.0,IN,us,239.0,Indianapolis,White River State Park,5.0,75.0
13.0,Indianapolis,Indiana,39.768403,-86.158068,Indianapolis International Airport,"7800 Col. H. Weir Cook Memorial Dr, Indianapolis",4.3,ATL,47.0,92.0,Hyatt Place Indianapolis Downtown,3.0,IN,us,135.2,Indianapolis,White River State Park,5.0,75.0
13.0,Indianapolis,Indiana,39.768403,-86.158068,Indianapolis International Airport,"7800 Col. H. Weir Cook Memorial Dr, Indianapolis",4.3,ATL,47.0,92.0,"Motel 6 Indianapolis, IN",2.5,IN,us,49.99,Indianapolis,White River State Park,5.0,75.0
13.0,Indianapolis,Indiana,39.768403,-86.158068,Indianapolis International Airport,"7800 Col. H. Weir Cook Memorial Dr, Indianapolis",4.3,ATL,47.0,92.0,Courtyard by Marriott Indianapolis Downtown,3.0,IN,us,138.0,Indianapolis,White River State Park,5.0,75.0
13.0,Indianapolis,Indiana,39.768403,-86.158068,Indianapolis International Airport,"7800 Col. H. Weir Cook Memorial Dr, Indianapolis",4.3,ATL,47.0,92.0,SpringHill Suites by Marriott Indianapolis Downtown,3.0,IN,us,138.0,Indianapolis,White River State Park,5.0,75.0
14.0,Columbus,Ohio,39.9611755,-82.9987942,John Glenn Columbus International Airport,"4600 International Gateway, Columbus",3.9,CMH,84.0,96.0,Sonesta Columbus,4.0,OH,us,90.47,Columbus,Columbus Zoo and Aquarium,4.5,450.0
14.0,Columbus,Ohio,39.9611755,-82.9987942,John Glenn Columbus International Airport,"4600 International Gateway, Columbus",3.9,CMH,84.0,96.0,50 Lincoln Short North Bed and Breakfast,3.5,OH,us,102.38,Columbus,Columbus Zoo and Aquarium,4.5,450.0
14.0,Columbus,Ohio,39.9611755,-82.9987942,John Glenn Columbus International Airport,"4600 International Gateway, Columbus",3.9,CMH,84.0,96.0,Red Roof Inn PLUS+ Columbus Downtown - Convention Center,2.5,OH,us,59.49,Columbus,Columbus Zoo and Aquarium,4.5,450.0
14.0,Columbus,Ohio,39.9611755,-82.9987942,John Glenn Columbus International Airport,"4600 International Gateway, Columbus",3.9,CMH,84.0,96.0,Graduate Columbus,4.0,OH,us,95.2,Columbus,Columbus Zoo and Aquarium,4.5,450.0
14.0,Columbus,Ohio,39.9611755,-82.9987942,John Glenn Columbus International Airport,"4600 International Gateway, Columbus",3.9,CMH,84.0,96.0,DoubleTree Suites by Hilton Columbus Downtown,3.0,OH,us,78.75,Columbus,Columbus Zoo and Aquarium,4.5,450.0
14.0,Columbus,Ohio,39.9611755,-82.9987942,John Glenn Columbus International Airport,"4600 International Gateway, Columbus",3.9,CMH,84.0,96.0,German Village Inn Columbus,2.5,OH,us,76.5,Columbus,Columbus Zoo and Aquarium,4.5,450.0
14.0,Columbus,Ohio,39.9611755,-82.9987942,John Glenn Columbus International Airport,"4600 International Gateway, Columbus",3.9,CMH,84.0,96.0,Holiday Inn Express Columbus Downtown,2.5,OH,us,66.88,Columbus,Columbus Zoo and Aquarium,4.5,450.0
14.0,Columbus,Ohio,39.9611755,-82.9987942,John Glenn Columbus International Airport,"4600 International Gateway, Columbus",3.9,CMH,84.0,96.0,Holiday Inn Columbus Downtown Capitol Square,3.0,OH,us,70.31,Columbus,Columbus Zoo and Aquarium,4.5,450.0
15.0,Fort Worth,Texas,32.7554883,-97.3307658,Dallas/Fort Worth International Airport,"2400 Aviation Dr, DFW Airport",3.8,DFW,68.0,93.0,Omni Fort Worth Hotel,4.5,TX,us,129.0,Fort Worth,Fort Worth Water Gardens,4.5,221.0
15.0,Fort Worth,Texas,32.7554883,-97.3307658,Dallas/Fort Worth International Airport,"2400 Aviation Dr, DFW Airport",3.8,DFW,68.0,93.0,Holiday Inn Express Hotel & Suites Fort Worth Downtown,2.5,TX,us,67.34,Fort Worth,Fort Worth Water Gardens,4.5,221.0
15.0,Fort Worth,Texas,32.7554883,-97.3307658,Dallas/Fort Worth International Airport,"2400 Aviation Dr, DFW Airport",3.8,DFW,68.0,93.0,"Country Inn & Suites by Radisson, Fort Worth, TX",2.5,TX,us,63.2,Fort Worth,Fort Worth Water Gardens,4.5,221.0
15.0,Fort Worth,Texas,32.7554883,-97.3307658,Dallas/Fort Worth International Airport,"2400 Aviation Dr, DFW Airport",3.8,DFW,68.0,93.0,Hilton Downtown Fort Worth,4.0,TX,us,98.53,Fort Worth,Fort Worth Water Gardens,4.5,221.0
15.0,Fort Worth,Texas,32.7554883,-97.3307658,Dallas/Fort Worth International Airport,"2400 Aviation Dr, DFW Airport",3.8,DFW,68.0,93.0,"Motel 6 Fort Worth, TX - Convention Center",2.0,TX,us,46.99,Fort Worth,Fort Worth Water Gardens,4.5,221.0
15.0,Fort Worth,Texas,32.7554883,-97.3307658,Dallas/Fort Worth International Airport,"2400 Aviation Dr, DFW Airport",3.8,DFW,68.0,93.0,Southside Condos by Barsala,0.0,TX,us,79.68,Fort Worth,Fort Worth Water Gardens,4.5,221.0
15.0,Fort Worth,Texas,32.7554883,-97.3307658,Dallas/Fort Worth International Airport,"2400 Aviation Dr, DFW Airport",3.8,DFW,68.0,93.0,Embassy Suites by Hilton Fort Worth Downtown,3.5,TX,us,134.1,Fort Worth,Fort Worth Water Gardens,4.5,221.0
15.0,Fort Worth,Texas,32.7554883,-97.3307658,Dallas/Fort Worth International Airport,"2400 Aviation Dr, DFW Airport",3.8,DFW,68.0,93.0,The Worthington Renaissance Fort Worth Hotel,4.0,TX,us,137.01,Fort Worth,Fort Worth Water Gardens,4.5,221.0
16.0,Charlotte,North Carolina,35.2270869,-80.8431267,Charlotte Douglas International Airport,"5501 Josh Birmingham Pkwy, Charlotte",3.5,CLT,95.0,79.0,The Ivey's Hotel,4.5,NC,us,209.3,Charlotte,Funny Bus,4.5,152.0
16.0,Charlotte,North Carolina,35.2270869,-80.8431267,Charlotte Douglas International Airport,"5501 Josh Birmingham Pkwy, Charlotte",3.5,CLT,95.0,79.0,Omni Charlotte Hotel,4.0,NC,us,173.27,Charlotte,Funny Bus,4.5,152.0
16.0,Charlotte,North Carolina,35.2270869,-80.8431267,Charlotte Douglas International Airport,"5501 Josh Birmingham Pkwy, Charlotte",3.5,CLT,95.0,79.0,Le Meridien Charlotte,4.0,NC,us,120.29,Charlotte,Funny Bus,4.5,152.0
16.0,Charlotte,North Carolina,35.2270869,-80.8431267,Charlotte Douglas International Airport,"5501 Josh Birmingham Pkwy, Charlotte",3.5,CLT,95.0,79.0,The Dunhill Hotel,3.5,NC,us,129.6,Charlotte,Funny Bus,4.5,152.0
16.0,Charlotte,North Carolina,35.2270869,-80.8431267,Charlotte Douglas International Airport,"5501 Josh Birmingham Pkwy, Charlotte",3.5,CLT,95.0,79.0,AC by Marriott Charlotte,3.5,NC,us,116.1,Charlotte,Funny Bus,4.5,152.0
16.0,Charlotte,North Carolina,35.2270869,-80.8431267,Charlotte Douglas International Airport,"5501 Josh Birmingham Pkwy, Charlotte",3.5,CLT,95.0,79.0,DoubleTree by Hilton Hotel Charlotte,3.5,NC,us,90.0,Charlotte,Funny Bus,4.5,152.0
16.0,Charlotte,North Carolina,35.2270869,-80.8431267,Charlotte Douglas International Airport,"5501 Josh Birmingham Pkwy, Charlotte",3.5,CLT,95.0,79.0,1 BR and 2 BR Uptown Apts with City Views by Frontdesk,3.5,NC,us,125.25,Charlotte,Funny Bus,4.5,152.0
16.0,Charlotte,North Carolina,35.2270869,-80.8431267,Charlotte Douglas International Airport,"5501 Josh Birmingham Pkwy, Charlotte",3.5,CLT,95.0,79.0,HYATT house Charlotte/Center City,3.0,NC,us,92.65,Charlotte,Funny Bus,4.5,152.0
17.0,Seattle,Washington,47.6062095,-122.33207079999998,Seattle-Tacoma International Airport,"17801 International Blvd, Seattle",3.9,SEA,89.0,97.0,The Paramount Hotel,3.5,WA,us,83.0,Seattle,Chihuly Garden and Glass,4.5,2398.0
17.0,Seattle,Washington,47.6062095,-122.33207079999998,Seattle-Tacoma International Airport,"17801 International Blvd, Seattle",3.9,SEA,89.0,97.0,Fairmont Olympic Hotel,5.0,WA,us,164.25,Seattle,Chihuly Garden and Glass,4.5,2398.0
17.0,Seattle,Washington,47.6062095,-122.33207079999998,Seattle-Tacoma International Airport,"17801 International Blvd, Seattle",3.9,SEA,89.0,97.0,Best Western Plus Pioneer Square Hotel Downtown,2.5,WA,us,78.84,Seattle,Chihuly Garden and Glass,4.5,2398.0
17.0,Seattle,Washington,47.6062095,-122.33207079999998,Seattle-Tacoma International Airport,"17801 International Blvd, Seattle",3.9,SEA,89.0,97.0,The State Hotel,4.0,WA,us,158.01,Seattle,Chihuly Garden and Glass,4.5,2398.0
17.0,Seattle,Washington,47.6062095,-122.33207079999998,Seattle-Tacoma International Airport,"17801 International Blvd, Seattle",3.9,SEA,89.0,97.0,The Inn at Virginia Mason,2.5,WA,us,89.0,Seattle,Chihuly Garden and Glass,4.5,2398.0
17.0,Seattle,Washington,47.6062095,-122.33207079999998,Seattle-Tacoma International Airport,"17801 International Blvd, Seattle",3.9,SEA,89.0,97.0,Serene Eastlake Patio & Gourmet Kitchen 1 Bedroom Townhouse,3.5,WA,us,185.0,Seattle,Chihuly Garden and Glass,4.5,2398.0
17.0,Seattle,Washington,47.6062095,-122.33207079999998,Seattle-Tacoma International Airport,"17801 International Blvd, Seattle",3.9,SEA,89.0,97.0,Loews Hotel 1000 Seattle,4.5,WA,us,215.0,Seattle,Chihuly Garden and Glass,4.5,2398.0
17.0,Seattle,Washington,47.6062095,-122.33207079999998,Seattle-Tacoma International Airport,"17801 International Blvd, Seattle",3.9,SEA,89.0,97.0,"Motif Seattle, a Destination by Hyatt Hotel",4.0,WA,us,134.25,Seattle,Chihuly Garden and Glass,4.5,2398.0
18.0,Denver,Colorado,39.7392358,-104.990251,Denver International Airport,"8500 Peña Blvd, Denver",4.0,DEN,49.0,49.0,Sonesta Denver Downtown,4.0,CO,us,84.84,Denver,Chautauqua Park,5.0,264.0
18.0,Denver,Colorado,39.7392358,-104.990251,Denver International Airport,"8500 Peña Blvd, Denver",4.0,DEN,49.0,49.0,Warwick Denver,4.0,CO,us,81.0,Denver,Chautauqua Park,5.0,264.0
18.0,Denver,Colorado,39.7392358,-104.990251,Denver International Airport,"8500 Peña Blvd, Denver",4.0,DEN,49.0,49.0,"The Art Hotel Denver, Curio Collection by Hilton",4.5,CO,us,104.86,Denver,Chautauqua Park,5.0,264.0
18.0,Denver,Colorado,39.7392358,-104.990251,Denver International Airport,"8500 Peña Blvd, Denver",4.0,DEN,49.0,49.0,Staybridge Suites Denver Downtown,3.0,CO,us,74.0,Denver,Chautauqua Park,5.0,264.0
18.0,Denver,Colorado,39.7392358,-104.990251,Denver International Airport,"8500 Peña Blvd, Denver",4.0,DEN,49.0,49.0,Hampton Inn & Suites Denver Downtown-Convention Center,3.0,CO,us,83.2,Denver,Chautauqua Park,5.0,264.0
18.0,Denver,Colorado,39.7392358,-104.990251,Denver International Airport,"8500 Peña Blvd, Denver",4.0,DEN,49.0,49.0,Fresh Decor Walk to Sloan's Lake!,3.5,CO,us,125.67,Denver,Chautauqua Park,5.0,264.0
18.0,Denver,Colorado,39.7392358,-104.990251,Denver International Airport,"8500 Peña Blvd, Denver",4.0,DEN,49.0,49.0,Kimpton Hotel Monaco Denver,4.0,CO,us,102.09,Denver,Chautauqua Park,5.0,264.0
18.0,Denver,Colorado,39.7392358,-104.990251,Denver International Airport,"8500 Peña Blvd, Denver",4.0,DEN,49.0,49.0,Hotel Teatro,4.5,CO,us,109.81,Denver,Chautauqua Park,5.0,264.0
19.0,El Paso,Texas,31.7618778,-106.4850217,El Paso International Airport,"6701 Convair Rd, El Paso",4.1,ELP,131.0,185.0,Stanton House,4.0,TX,us,185.85,El Paso,Plaza Theatre,4.5,33.0
19.0,El Paso,Texas,31.7618778,-106.4850217,El Paso International Airport,"6701 Convair Rd, El Paso",4.1,ELP,131.0,185.0,HI Express El Paso Downtown,2.5,TX,us,59.69,El Paso,Plaza Theatre,4.5,33.0
19.0,El Paso,Texas,31.7618778,-106.4850217,El Paso International Airport,"6701 Convair Rd, El Paso",4.1,ELP,131.0,185.0,The Plaza Hotel Pioneer Park,4.0,TX,us,194.65,El Paso,Plaza Theatre,4.5,33.0
19.0,El Paso,Texas,31.7618778,-106.4850217,El Paso International Airport,"6701 Convair Rd, El Paso",4.1,ELP,131.0,185.0,The Gardner Hotel El Paso,2.5,TX,us,42.0,El Paso,Plaza Theatre,4.5,33.0
19.0,El Paso,Texas,31.7618778,-106.4850217,El Paso International Airport,"6701 Convair Rd, El Paso",4.1,ELP,131.0,185.0,Aloft El Paso Downtown,3.5,TX,us,99.2,El Paso,Plaza Theatre,4.5,33.0
19.0,El Paso,Texas,31.7618778,-106.4850217,El Paso International Airport,"6701 Convair Rd, El Paso",4.1,ELP,131.0,185.0,DoubleTree by Hilton El Paso Downtown,3.5,TX,us,116.1,El Paso,Plaza Theatre,4.5,33.0
20.0,Detroit,Michigan,42.33142700000001,-83.0457538,Detroit Metropolitan Wayne County Airport,Detroit,4.1,DTW,83.0,88.0,Mint House Downtown Detroit,4.0,MI,us,123.25,Detroit,Detroit Institute of Arts,4.5,422.0
20.0,Detroit,Michigan,42.33142700000001,-83.0457538,Detroit Metropolitan Wayne County Airport,Detroit,4.1,DTW,83.0,88.0,Trumbull and Porter Hotel,3.5,MI,us,102.19,Detroit,Detroit Institute of Arts,4.5,422.0
20.0,Detroit,Michigan,42.33142700000001,-83.0457538,Detroit Metropolitan Wayne County Airport,Detroit,4.1,DTW,83.0,88.0,MotorCity Casino Hotel,4.5,MI,us,135.32,Detroit,Detroit Institute of Arts,4.5,422.0
20.0,Detroit,Michigan,42.33142700000001,-83.0457538,Detroit Metropolitan Wayne County Airport,Detroit,4.1,DTW,83.0,88.0,Motor City Suites by Barsala,4.0,MI,us,100.48,Detroit,Detroit Institute of Arts,4.5,422.0
20.0,Detroit,Michigan,42.33142700000001,-83.0457538,Detroit Metropolitan Wayne County Airport,Detroit,4.1,DTW,83.0,88.0,Washington Blvd Condos by Barsala,3.5,MI,us,106.56,Detroit,Detroit Institute of Arts,4.5,422.0
20.0,Detroit,Michigan,42.33142700000001,-83.0457538,Detroit Metropolitan Wayne County Airport,Detroit,4.1,DTW,83.0,88.0,Shinola Hotel,4.0,MI,us,235.0,Detroit,Detroit Institute of Arts,4.5,422.0
20.0,Detroit,Michigan,42.33142700000001,-83.0457538,Detroit Metropolitan Wayne County Airport,Detroit,4.1,DTW,83.0,88.0,The Siren Hotel,3.5,MI,us,143.2,Detroit,Detroit Institute of Arts,4.5,422.0
20.0,Detroit,Michigan,42.33142700000001,-83.0457538,Detroit Metropolitan Wayne County Airport,Detroit,4.1,DTW,83.0,88.0,Atheneum Suite Hotel,4.0,MI,us,217.26,Detroit,Detroit Institute of Arts,4.5,422.0
21.0,Washington,District of Columbia,38.9071923,-77.03687070000002,Dulles International Airport,"1 Saarinen Cir, Dulles",3.9,IAD,,,Viceroy Washington DC,4.5,DC,us,131.45,Washington,Leavenworth Reindeer Farm,5.0,64.0
21.0,Washington,District of Columbia,38.9071923,-77.03687070000002,Dulles International Airport,"1 Saarinen Cir, Dulles",3.9,IAD,,,The St. Gregory Hotel,4.0,DC,us,118.5,Washington,Leavenworth Reindeer Farm,5.0,64.0
21.0,Washington,District of Columbia,38.9071923,-77.03687070000002,Dulles International Airport,"1 Saarinen Cir, Dulles",3.9,IAD,,,Oakwood Suites & Studios Dupont Circle Washington DC,4.0,DC,us,132.0,Washington,Leavenworth Reindeer Farm,5.0,64.0
21.0,Washington,District of Columbia,38.9071923,-77.03687070000002,Dulles International Airport,"1 Saarinen Cir, Dulles",3.9,IAD,,,The Darcy Hotel,4.5,DC,us,103.2,Washington,Leavenworth Reindeer Farm,5.0,64.0
21.0,Washington,District of Columbia,38.9071923,-77.03687070000002,Dulles International Airport,"1 Saarinen Cir, Dulles",3.9,IAD,,,Eaton DC,4.5,DC,us,126.64,Washington,Leavenworth Reindeer Farm,5.0,64.0
21.0,Washington,District of Columbia,38.9071923,-77.03687070000002,Dulles International Airport,"1 Saarinen Cir, Dulles",3.9,IAD,,,DC The Wharf Waterfront View Rentals,3.5,DC,us,84.2,Washington,Leavenworth Reindeer Farm,5.0,64.0
21.0,Washington,District of Columbia,38.9071923,-77.03687070000002,Dulles International Airport,"1 Saarinen Cir, Dulles",3.9,IAD,,,Hotel Harrington ,3.0,DC,us,65.52,Washington,Leavenworth Reindeer Farm,5.0,64.0
21.0,Washington,District of Columbia,38.9071923,-77.03687070000002,Dulles International Airport,"1 Saarinen Cir, Dulles",3.9,IAD,,,Club Quarters Hotel in Washington DC,4.0,DC,us,88.11,Washington,Leavenworth Reindeer Farm,5.0,64.0
22.0,Boston,Massachusetts,42.3600825,-71.0588801,Boston Logan International Airport,"1 Harborside Dr, Boston",3.9,BOS,37.0,81.0,Hyatt Centric Faneuil Hall Boston,4.0,MA,us,97.92,Boston,Freedom Trail Foundation,4.5,769.0
22.0,Boston,Massachusetts,42.3600825,-71.0588801,Boston Logan International Airport,"1 Harborside Dr, Boston",3.9,BOS,37.0,81.0,Club Quarters Hotel in Boston,4.0,MA,us,88.11,Boston,Freedom Trail Foundation,4.5,769.0
22.0,Boston,Massachusetts,42.3600825,-71.0588801,Boston Logan International Airport,"1 Harborside Dr, Boston",3.9,BOS,37.0,81.0,Harborside Inn Of Boston,3.0,MA,us,107.1,Boston,Freedom Trail Foundation,4.5,769.0
22.0,Boston,Massachusetts,42.3600825,-71.0588801,Boston Logan International Airport,"1 Harborside Dr, Boston",3.9,BOS,37.0,81.0,citizenM Boston North Station,4.0,MA,us,101.5,Boston,Freedom Trail Foundation,4.5,769.0
22.0,Boston,Massachusetts,42.3600825,-71.0588801,Boston Logan International Airport,"1 Harborside Dr, Boston",3.9,BOS,37.0,81.0,Wyndham Boston Beacon Hill,3.5,MA,us,96.75,Boston,Freedom Trail Foundation,4.5,769.0
22.0,Boston,Massachusetts,42.3600825,-71.0588801,Boston Logan International Airport,"1 Harborside Dr, Boston",3.9,BOS,37.0,81.0,Kimpton Nine Zero Hotel,4.5,MA,us,110.86,Boston,Freedom Trail Foundation,4.5,769.0
22.0,Boston,Massachusetts,42.3600825,-71.0588801,Boston Logan International Airport,"1 Harborside Dr, Boston",3.9,BOS,37.0,81.0,Global Luxury Suites Downtown Boston,4.0,MA,us,97.3,Boston,Freedom Trail Foundation,4.5,769.0
23.0,Memphis,Tennessee,35.1495343,-90.0489801,Memphis International Airport,"2491 Winchester Rd, Memphis",3.6,MEM,,113.0,Hotel Indigo Memphis Downtown,3.5,TN,us,89.37,Memphis,National Civil Rights Museum,4.5,648.0
23.0,Memphis,Tennessee,35.1495343,-90.0489801,Memphis International Airport,"2491 Winchester Rd, Memphis",3.6,MEM,,113.0,Sheraton Memphis Downtown Hotel,4.0,TN,us,83.88,Memphis,National Civil Rights Museum,4.5,648.0
23.0,Memphis,Tennessee,35.1495343,-90.0489801,Memphis International Airport,"2491 Winchester Rd, Memphis",3.6,MEM,,113.0,La Quinta Inn & Suites by Wyndham Memphis Downtown,2.5,TN,us,125.0,Memphis,National Civil Rights Museum,4.5,648.0
23.0,Memphis,Tennessee,35.1495343,-90.0489801,Memphis International Airport,"2491 Winchester Rd, Memphis",3.6,MEM,,113.0,"Hotel Napoleon, Ascend Hotel Collection",4.0,TN,us,116.54,Memphis,National Civil Rights Museum,4.5,648.0
23.0,Memphis,Tennessee,35.1495343,-90.0489801,Memphis International Airport,"2491 Winchester Rd, Memphis",3.6,MEM,,113.0,The River City Flats,5.0,TN,us,52.0,Memphis,National Civil Rights Museum,4.5,648.0
23.0,Memphis,Tennessee,35.1495343,-90.0489801,Memphis International Airport,"2491 Winchester Rd, Memphis",3.6,MEM,,113.0,ARRIVE Memphis,4.0,TN,us,114.0,Memphis,National Civil Rights Museum,4.5,648.0
23.0,Memphis,Tennessee,35.1495343,-90.0489801,Memphis International Airport,"2491 Winchester Rd, Memphis",3.6,MEM,,113.0,Canopy by Hilton Memphis Downtown,4.0,TN,us,133.89,Memphis,National Civil Rights Museum,4.5,648.0
23.0,Memphis,Tennessee,35.1495343,-90.0489801,Memphis International Airport,"2491 Winchester Rd, Memphis",3.6,MEM,,113.0,Kasa Memphis Downtown Apartments,4.0,TN,us,106.26,Memphis,National Civil Rights Museum,4.5,648.0
24.0,Nashville,Tennessee,36.1626638,-86.78160159999999,Nashville International Airport,"1 Terminal Dr, Nashville",4.1,BNA,195.0,93.0,Best Western Plus Music Row,2.5,TN,us,69.11,Nashville,NashTrash Tours,4.5,155.0
24.0,Nashville,Tennessee,36.1626638,-86.78160159999999,Nashville International Airport,"1 Terminal Dr, Nashville",4.1,BNA,195.0,93.0,Mint House at the Reserve,4.0,TN,us,136.0,Nashville,NashTrash Tours,4.5,155.0
24.0,Nashville,Tennessee,36.1626638,-86.78160159999999,Nashville International Airport,"1 Terminal Dr, Nashville",4.1,BNA,195.0,93.0,Drury Plaza Hotel Nashville Downtown,3.0,TN,us,103.49,Nashville,NashTrash Tours,4.5,155.0
24.0,Nashville,Tennessee,36.1626638,-86.78160159999999,Nashville International Airport,"1 Terminal Dr, Nashville",4.1,BNA,195.0,93.0,The Hayes Street Hotel Nashville,3.5,TN,us,78.59,Nashville,NashTrash Tours,4.5,155.0
24.0,Nashville,Tennessee,36.1626638,-86.78160159999999,Nashville International Airport,"1 Terminal Dr, Nashville",4.1,BNA,195.0,93.0,"Holston House Nashville, in The Unbound Collection by Hyatt",4.0,TN,us,139.32,Nashville,NashTrash Tours,4.5,155.0
24.0,Nashville,Tennessee,36.1626638,-86.78160159999999,Nashville International Airport,"1 Terminal Dr, Nashville",4.1,BNA,195.0,93.0,Music City Hostel,2.0,TN,us,84.37,Nashville,NashTrash Tours,4.5,155.0
24.0,Nashville,Tennessee,36.1626638,-86.78160159999999,Nashville International Airport,"1 Terminal Dr, Nashville",4.1,BNA,195.0,93.0,Bobby Hotel,4.0,TN,us,202.09,Nashville,NashTrash Tours,4.5,155.0
24.0,Nashville,Tennessee,36.1626638,-86.78160159999999,Nashville International Airport,"1 Terminal Dr, Nashville",4.1,BNA,195.0,93.0,21c Museum Hotel Nashville - MGallery,4.0,TN,us,129.5,Nashville,NashTrash Tours,4.5,155.0
25.0,Portland,Oregon,45.52306220000001,-122.6764815,Portland International Airport,"7000 NE Airport Way, Portland",4.5,PDX,87.0,224.0,Hyatt House Portland/Downtown,3.0,OR,us,109.65,Portland,Forest Park,5.0,221.0
25.0,Portland,Oregon,45.52306220000001,-122.6764815,Portland International Airport,"7000 NE Airport Way, Portland",4.5,PDX,87.0,224.0,Hotel Eastlund,4.0,OR,us,107.1,Portland,Forest Park,5.0,221.0
25.0,Portland,Oregon,45.52306220000001,-122.6764815,Portland International Airport,"7000 NE Airport Way, Portland",4.5,PDX,87.0,224.0,"Staypineapple, Hotel Rose, Downtown Portland",3.5,OR,us,104.25,Portland,Forest Park,5.0,221.0
25.0,Portland,Oregon,45.52306220000001,-122.6764815,Portland International Airport,"7000 NE Airport Way, Portland",4.5,PDX,87.0,224.0,The Paramount Hotel,3.5,OR,us,98.1,Portland,Forest Park,5.0,221.0
25.0,Portland,Oregon,45.52306220000001,-122.6764815,Portland International Airport,"7000 NE Airport Way, Portland",4.5,PDX,87.0,224.0,University Place Hotel & Conference Center,2.5,OR,us,86.06,Portland,Forest Park,5.0,221.0
25.0,Portland,Oregon,45.52306220000001,-122.6764815,Portland International Airport,"7000 NE Airport Way, Portland",4.5,PDX,87.0,224.0,Mark Spencer Hotel,3.0,OR,us,104.25,Portland,Forest Park,5.0,221.0
25.0,Portland,Oregon,45.52306220000001,-122.6764815,Portland International Airport,"7000 NE Airport Way, Portland",4.5,PDX,87.0,224.0,The Hoxton Portland,4.0,OR,us,94.16,Portland,Forest Park,5.0,221.0
25.0,Portland,Oregon,45.52306220000001,-122.6764815,Portland International Airport,"7000 NE Airport Way, Portland",4.5,PDX,87.0,224.0,Royal Sonesta Portland,4.5,OR,us,123.05,Portland,Forest Park,5.0,221.0
26.0,Oklahoma City,Oklahoma,35.4675602,-97.5164276,Will Rogers World Airport,"7100 Terminal Dr, Oklahoma City",4.2,OKC,81.0,101.0,Wyndham Grand Oklahoma City Downtown,3.5,OK,us,80.85,Oklahoma City,Oklahoma City National Memorial & Museum,5.0,345.0
26.0,Oklahoma City,Oklahoma,35.4675602,-97.5164276,Will Rogers World Airport,"7100 Terminal Dr, Oklahoma City",4.2,OKC,81.0,101.0,21c Museum Hotel Oklahoma City - MGallery,4.0,OK,us,95.0,Oklahoma City,Oklahoma City National Memorial & Museum,5.0,345.0
26.0,Oklahoma City,Oklahoma,35.4675602,-97.5164276,Will Rogers World Airport,"7100 Terminal Dr, Oklahoma City",4.2,OKC,81.0,101.0,Colcord Hotel,4.5,OK,us,142.2,Oklahoma City,Oklahoma City National Memorial & Museum,5.0,345.0
26.0,Oklahoma City,Oklahoma,35.4675602,-97.5164276,Will Rogers World Airport,"7100 Terminal Dr, Oklahoma City",4.2,OKC,81.0,101.0,Omni Oklahoma City Hotel,4.0,OK,us,179.1,Oklahoma City,Oklahoma City National Memorial & Museum,5.0,345.0
26.0,Oklahoma City,Oklahoma,35.4675602,-97.5164276,Will Rogers World Airport,"7100 Terminal Dr, Oklahoma City",4.2,OKC,81.0,101.0,"Country Inn & Suites by Radisson, Oklahoma City-Bricktown, OK",2.0,OK,us,63.2,Oklahoma City,Oklahoma City National Memorial & Museum,5.0,345.0
26.0,Oklahoma City,Oklahoma,35.4675602,-97.5164276,Will Rogers World Airport,"7100 Terminal Dr, Oklahoma City",4.2,OKC,81.0,101.0,Sheraton Oklahoma City Downtown Hotel,4.0,OK,us,101.15,Oklahoma City,Oklahoma City National Memorial & Museum,5.0,345.0
26.0,Oklahoma City,Oklahoma,35.4675602,-97.5164276,Will Rogers World Airport,"7100 Terminal Dr, Oklahoma City",4.2,OKC,81.0,101.0,Hyatt Place Oklahoma City / Bricktown,3.0,OK,us,96.9,Oklahoma City,Oklahoma City National Memorial & Museum,5.0,345.0
26.0,Oklahoma City,Oklahoma,35.4675602,-97.5164276,Will Rogers World Airport,"7100 Terminal Dr, Oklahoma City",4.2,OKC,81.0,101.0,Holiday Inn Express & Suites Oklahoma City Dwtn - Bricktown,2.5,OK,us,77.84,Oklahoma City,Oklahoma City National Memorial & Museum,5.0,345.0
27.0,Las Vegas,Nevada,36.1699412,-115.13982959999998,McCarran International Airport,"5757 Wayne Newton Blvd, Las Vegas",3.9,LAS,57.0,80.0,Downtown Grand Las Vegas,3.5,NV,us,55.13,Las Vegas,Sin City Smash,5.0,115.0
27.0,Las Vegas,Nevada,36.1699412,-115.13982959999998,McCarran International Airport,"5757 Wayne Newton Blvd, Las Vegas",3.9,LAS,57.0,80.0,Golden Nugget Las Vegas Hotel & Casino,4.0,NV,us,99.58,Las Vegas,Sin City Smash,5.0,115.0
27.0,Las Vegas,Nevada,36.1699412,-115.13982959999998,McCarran International Airport,"5757 Wayne Newton Blvd, Las Vegas",3.9,LAS,57.0,80.0,El Cortez Hotel and Casino,3.0,NV,us,41.85,Las Vegas,Sin City Smash,5.0,115.0
27.0,Las Vegas,Nevada,36.1699412,-115.13982959999998,McCarran International Airport,"5757 Wayne Newton Blvd, Las Vegas",3.9,LAS,57.0,80.0,Oasis at Gold Spike,3.5,NV,us,26.0,Las Vegas,Sin City Smash,5.0,115.0
27.0,Las Vegas,Nevada,36.1699412,-115.13982959999998,McCarran International Airport,"5757 Wayne Newton Blvd, Las Vegas",3.9,LAS,57.0,80.0,California Hotel and Casino,3.5,NV,us,83.02,Las Vegas,Sin City Smash,5.0,115.0
27.0,Las Vegas,Nevada,36.1699412,-115.13982959999998,McCarran International Airport,"5757 Wayne Newton Blvd, Las Vegas",3.9,LAS,57.0,80.0,Downtowner Boutique Hotel,3.0,NV,us,22.4,Las Vegas,Sin City Smash,5.0,115.0
27.0,Las Vegas,Nevada,36.1699412,-115.13982959999998,McCarran International Airport,"5757 Wayne Newton Blvd, Las Vegas",3.9,LAS,57.0,80.0,Plaza Hotel and Casino - Las Vegas,4.0,NV,us,41.6,Las Vegas,Sin City Smash,5.0,115.0
27.0,Las Vegas,Nevada,36.1699412,-115.13982959999998,McCarran International Airport,"5757 Wayne Newton Blvd, Las Vegas",3.9,LAS,57.0,80.0,Hotel Apache,3.5,NV,us,50.4,Las Vegas,Sin City Smash,5.0,115.0
28.0,Baltimore,Maryland,39.2903848,-76.6121893,Baltimore/Washington International Thurgood Marshall Airport,Baltimore,4.0,BWI,,,Hotel RL Baltimore Inner Harbor,3.5,MD,us,85.0,Baltimore,The Walters Art Museum,4.5,206.0
28.0,Baltimore,Maryland,39.2903848,-76.6121893,Baltimore/Washington International Thurgood Marshall Airport,Baltimore,4.0,BWI,,,Radisson Hotel Baltimore Downtown - Inner Harbor,3.5,MD,us,69.42,Baltimore,The Walters Art Museum,4.5,206.0
28.0,Baltimore,Maryland,39.2903848,-76.6121893,Baltimore/Washington International Thurgood Marshall Airport,Baltimore,4.0,BWI,,,Royal Sonesta Harbor Court Baltimore,4.5,MD,us,114.88,Baltimore,The Walters Art Museum,4.5,206.0
28.0,Baltimore,Maryland,39.2903848,-76.6121893,Baltimore/Washington International Thurgood Marshall Airport,Baltimore,4.0,BWI,,,"Tru By Hilton Baltimore Harbor East, MD",2.5,MD,us,73.92,Baltimore,The Walters Art Museum,4.5,206.0
28.0,Baltimore,Maryland,39.2903848,-76.6121893,Baltimore/Washington International Thurgood Marshall Airport,Baltimore,4.0,BWI,,,Kimpton Hotel Monaco Baltimore Inner Harbor,4.5,MD,us,67.59,Baltimore,The Walters Art Museum,4.5,206.0
28.0,Baltimore,Maryland,39.2903848,-76.6121893,Baltimore/Washington International Thurgood Marshall Airport,Baltimore,4.0,BWI,,,"Hotel Revival Baltimore, part of JdV by Hyatt",4.0,MD,us,104.25,Baltimore,The Walters Art Museum,4.5,206.0
28.0,Baltimore,Maryland,39.2903848,-76.6121893,Baltimore/Washington International Thurgood Marshall Airport,Baltimore,4.0,BWI,,,Hyatt Place Baltimore Inner Harbor,3.0,MD,us,87.2,Baltimore,The Walters Art Museum,4.5,206.0
28.0,Baltimore,Maryland,39.2903848,-76.6121893,Baltimore/Washington International Thurgood Marshall Airport,Baltimore,4.0,BWI,,,Baltimore Plaza Inner Harbor,2.0,MD,us,66.36,Baltimore,The Walters Art Museum,4.5,206.0
29.0,Louisville,Kentucky,38.2526647,-85.7584557,Louisville International Airport,"600 Terminal Dr, Louisville",4.0,SDF,,,Omni Louisville Hotel,4.5,KY,us,156.6,Louisville,Angel's Envy,4.5,472.0
29.0,Louisville,Kentucky,38.2526647,-85.7584557,Louisville International Airport,"600 Terminal Dr, Louisville",4.0,SDF,,,Mint House Downtown Louisville,4.0,KY,us,99.88,Louisville,Angel's Envy,4.5,472.0
29.0,Louisville,Kentucky,38.2526647,-85.7584557,Louisville International Airport,"600 Terminal Dr, Louisville",4.0,SDF,,,21c Museum Hotel Louisville - MGallery,4.5,KY,us,89.49,Louisville,Angel's Envy,4.5,472.0
29.0,Louisville,Kentucky,38.2526647,-85.7584557,Louisville International Airport,"600 Terminal Dr, Louisville",4.0,SDF,,,"Homewood Suites by Hilton Louisville Downtown, KY",3.0,KY,us,75.65,Louisville,Angel's Envy,4.5,472.0
29.0,Louisville,Kentucky,38.2526647,-85.7584557,Louisville International Airport,"600 Terminal Dr, Louisville",4.0,SDF,,,Bright Sunny Cozysuites,3.5,KY,us,75.25,Louisville,Angel's Envy,4.5,472.0
29.0,Louisville,Kentucky,38.2526647,-85.7584557,Louisville International Airport,"600 Terminal Dr, Louisville",4.0,SDF,,,Cozysuites Apartment on 3rd Street,3.5,KY,us,75.25,Louisville,Angel's Envy,4.5,472.0
29.0,Louisville,Kentucky,38.2526647,-85.7584557,Louisville International Airport,"600 Terminal Dr, Louisville",4.0,SDF,,,Cozysuites Modern Downtown Apartment,3.5,KY,us,75.5,Louisville,Angel's Envy,4.5,472.0
30.0,Milwaukee,Wisconsin,43.0389025,-87.9064736,General Mitchell International Airport,"5300 S Howell Ave, Milwaukee",4.2,MKE,145.0,164.0,Holiday Inn Express Milwaukee Downtown,2.5,WI,us,58.66,Milwaukee,Milwaukee Art Museum,4.5,344.0
30.0,Milwaukee,Wisconsin,43.0389025,-87.9064736,General Mitchell International Airport,"5300 S Howell Ave, Milwaukee",4.2,MKE,145.0,164.0,"Tru By Hilton Milwaukee Downtown, WI",2.5,WI,us,68.95,Milwaukee,Milwaukee Art Museum,4.5,344.0
30.0,Milwaukee,Wisconsin,43.0389025,-87.9064736,General Mitchell International Airport,"5300 S Howell Ave, Milwaukee",4.2,MKE,145.0,164.0,The Pfister Hotel,4.5,WI,us,180.9,Milwaukee,Milwaukee Art Museum,4.5,344.0
30.0,Milwaukee,Wisconsin,43.0389025,-87.9064736,General Mitchell International Airport,"5300 S Howell Ave, Milwaukee",4.2,MKE,145.0,164.0,The Iron Horse Hotel,4.0,WI,us,109.36,Milwaukee,Milwaukee Art Museum,4.5,344.0
30.0,Milwaukee,Wisconsin,43.0389025,-87.9064736,General Mitchell International Airport,"5300 S Howell Ave, Milwaukee",4.2,MKE,145.0,164.0,Drury Plaza Hotel Milwaukee Downtown,3.0,WI,us,85.49,Milwaukee,Milwaukee Art Museum,4.5,344.0
30.0,Milwaukee,Wisconsin,43.0389025,-87.9064736,General Mitchell International Airport,"5300 S Howell Ave, Milwaukee",4.2,MKE,145.0,164.0,Milwaukee River Apartments by Barsala,4.0,WI,us,67.2,Milwaukee,Milwaukee Art Museum,4.5,344.0
30.0,Milwaukee,Wisconsin,43.0389025,-87.9064736,General Mitchell International Airport,"5300 S Howell Ave, Milwaukee",4.2,MKE,145.0,164.0,Lake Michigan Condos by Barsala,4.0,WI,us,100.8,Milwaukee,Milwaukee Art Museum,4.5,344.0
30.0,Milwaukee,Wisconsin,43.0389025,-87.9064736,General Mitchell International Airport,"5300 S Howell Ave, Milwaukee",4.2,MKE,145.0,164.0,N. Water Street Apt with City Views by Frontdesk,3.5,WI,us,68.0,Milwaukee,Milwaukee Art Museum,4.5,344.0
31.0,Albuquerque,New Mexico,35.0843859,-106.650422,Albuquerque International Sunport,"2200 Sunport Blvd, Albuquerque",4.1,ABQ,268.0,,Hotel Parq Central,3.5,NM,us,148.0,Albuquerque,Rainbow Ryders,4.5,155.0
31.0,Albuquerque,New Mexico,35.0843859,-106.650422,Albuquerque International Sunport,"2200 Sunport Blvd, Albuquerque",4.1,ABQ,268.0,,Howard Johnson by Wyndham Albuquerque Midtown,2.5,NM,us,53.6,Albuquerque,Rainbow Ryders,4.5,155.0
31.0,Albuquerque,New Mexico,35.0843859,-106.650422,Albuquerque International Sunport,"2200 Sunport Blvd, Albuquerque",4.1,ABQ,268.0,,Days Inn by Wyndham Albuquerque Downtown,2.0,NM,us,48.0,Albuquerque,Rainbow Ryders,4.5,155.0
31.0,Albuquerque,New Mexico,35.0843859,-106.650422,Albuquerque International Sunport,"2200 Sunport Blvd, Albuquerque",4.1,ABQ,268.0,,Hotel Albuquerque at Old Town,3.5,NM,us,104.0,Albuquerque,Rainbow Ryders,4.5,155.0
31.0,Albuquerque,New Mexico,35.0843859,-106.650422,Albuquerque International Sunport,"2200 Sunport Blvd, Albuquerque",4.1,ABQ,268.0,,"Hotel Andaluz Albuquerque, Curio Collection by Hilton",4.0,NM,us,125.1,Albuquerque,Rainbow Ryders,4.5,155.0
31.0,Albuquerque,New Mexico,35.0843859,-106.650422,Albuquerque International Sunport,"2200 Sunport Blvd, Albuquerque",4.1,ABQ,268.0,,Best Western Plus Rio Grande Inn,3.0,NM,us,93.99,Albuquerque,Rainbow Ryders,4.5,155.0
31.0,Albuquerque,New Mexico,35.0843859,-106.650422,Albuquerque International Sunport,"2200 Sunport Blvd, Albuquerque",4.1,ABQ,268.0,,Baymont by Wyndham Albuquerque Airport,2.5,NM,us,76.5,Albuquerque,Rainbow Ryders,4.5,155.0
31.0,Albuquerque,New Mexico,35.0843859,-106.650422,Albuquerque International Sunport,"2200 Sunport Blvd, Albuquerque",4.1,ABQ,268.0,,Ramada Plaza by Wyndham Albuquerque Midtown,3.5,NM,us,61.6,Albuquerque,Rainbow Ryders,4.5,155.0
32.0,Tucson,Arizona,32.2226066,-110.9747108,Tucson International Airport,"7250 S Tucson Blvd, Tucson",4.1,TUS,154.0,,Red Lion Inn & Suites Tucson Downtown,2.5,AZ,us,61.6,Tucson,Arizona-Sonora Desert Museum,4.5,414.0
32.0,Tucson,Arizona,32.2226066,-110.9747108,Tucson International Airport,"7250 S Tucson Blvd, Tucson",4.1,TUS,154.0,,Best Western Royal Sun Inn & Suites,2.5,AZ,us,91.95,Tucson,Arizona-Sonora Desert Museum,4.5,414.0
32.0,Tucson,Arizona,32.2226066,-110.9747108,Tucson International Airport,"7250 S Tucson Blvd, Tucson",4.1,TUS,154.0,,"Country Inn & Suites by Radisson, Tucson City Center, AZ",2.5,AZ,us,84.0,Tucson,Arizona-Sonora Desert Museum,4.5,414.0
32.0,Tucson,Arizona,32.2226066,-110.9747108,Tucson International Airport,"7250 S Tucson Blvd, Tucson",4.1,TUS,154.0,,Ramada by Wyndham Tucson,2.5,AZ,us,88.28,Tucson,Arizona-Sonora Desert Museum,4.5,414.0
32.0,Tucson,Arizona,32.2226066,-110.9747108,Tucson International Airport,"7250 S Tucson Blvd, Tucson",4.1,TUS,154.0,,University Inn,2.0,AZ,us,67.49,Tucson,Arizona-Sonora Desert Museum,4.5,414.0
32.0,Tucson,Arizona,32.2226066,-110.9747108,Tucson International Airport,"7250 S Tucson Blvd, Tucson",4.1,TUS,154.0,,Home2 Suites by Hilton Tucson Airport,2.5,AZ,us,109.65,Tucson,Arizona-Sonora Desert Museum,4.5,414.0
32.0,Tucson,Arizona,32.2226066,-110.9747108,Tucson International Airport,"7250 S Tucson Blvd, Tucson",4.1,TUS,154.0,,Graduate Tucson,3.5,AZ,us,131.82,Tucson,Arizona-Sonora Desert Museum,4.5,414.0
32.0,Tucson,Arizona,32.2226066,-110.9747108,Tucson International Airport,"7250 S Tucson Blvd, Tucson",4.1,TUS,154.0,,Red Roof Inn Tucson Downtown – University,2.5,AZ,us,50.14,Tucson,Arizona-Sonora Desert Museum,4.5,414.0
33.0,Fresno,California,36.737798100000006,-119.7871247,Fresno Yosemite International Airport,"5175 E Clinton Way, Fresno",3.9,FAT,,,La Quinta Inn by Wyndham Fresno Yosemite,2.5,CA,us,61.2,Fresno,Fresno Chaffee Zoo,4.5,421.0
33.0,Fresno,California,36.737798100000006,-119.7871247,Fresno Yosemite International Airport,"5175 E Clinton Way, Fresno",3.9,FAT,,,Radisson Hotel Fresno Conference Center,3.0,CA,us,70.79,Fresno,Fresno Chaffee Zoo,4.5,421.0
33.0,Fresno,California,36.737798100000006,-119.7871247,Fresno Yosemite International Airport,"5175 E Clinton Way, Fresno",3.9,FAT,,,Dream Inn,2.0,CA,us,69.0,Fresno,Fresno Chaffee Zoo,4.5,421.0
33.0,Fresno,California,36.737798100000006,-119.7871247,Fresno Yosemite International Airport,"5175 E Clinton Way, Fresno",3.9,FAT,,,Travelodge by Wyndham Fresno Convention Center Area,2.0,CA,us,96.0,Fresno,Fresno Chaffee Zoo,4.5,421.0
33.0,Fresno,California,36.737798100000006,-119.7871247,Fresno Yosemite International Airport,"5175 E Clinton Way, Fresno",3.9,FAT,,,Days Inn by Wyndham Fresno South,2.0,CA,us,69.0,Fresno,Fresno Chaffee Zoo,4.5,421.0
33.0,Fresno,California,36.737798100000006,-119.7871247,Fresno Yosemite International Airport,"5175 E Clinton Way, Fresno",3.9,FAT,,,Best Western Village Inn,2.5,CA,us,75.99,Fresno,Fresno Chaffee Zoo,4.5,421.0
33.0,Fresno,California,36.737798100000006,-119.7871247,Fresno Yosemite International Airport,"5175 E Clinton Way, Fresno",3.9,FAT,,,"Motel 6 Fresno, CA - Belmont Ave",2.0,CA,us,64.99,Fresno,Fresno Chaffee Zoo,4.5,421.0
33.0,Fresno,California,36.737798100000006,-119.7871247,Fresno Yosemite International Airport,"5175 E Clinton Way, Fresno",3.9,FAT,,,Vagabond Inn Fresno,2.5,CA,us,66.49,Fresno,Fresno Chaffee Zoo,4.5,421.0
34.0,Sacramento,California,38.5815719,-121.4943996,Sacramento International Airport,"6900 Airport Blvd, Sacramento",4.1,SMF,174.0,86.0,Best Western Plus Sutter House,3.0,CA,us,117.91,Sacramento,California State Railroad Museum,4.5,532.0
34.0,Sacramento,California,38.5815719,-121.4943996,Sacramento International Airport,"6900 Airport Blvd, Sacramento",4.1,SMF,174.0,86.0,SureStay Plus Hotel by Best Western Sacramento North,2.5,CA,us,67.99,Sacramento,California State Railroad Museum,4.5,532.0
34.0,Sacramento,California,38.5815719,-121.4943996,Sacramento International Airport,"6900 Airport Blvd, Sacramento",4.1,SMF,174.0,86.0,SureStay Plus Hotel by Best Western Sacramento Cal Expo,2.5,CA,us,58.65,Sacramento,California State Railroad Museum,4.5,532.0
34.0,Sacramento,California,38.5815719,-121.4943996,Sacramento International Airport,"6900 Airport Blvd, Sacramento",4.1,SMF,174.0,86.0,Roy Inn & Suites – Sacramento Midtown,2.5,CA,us,57.6,Sacramento,California State Railroad Museum,4.5,532.0
34.0,Sacramento,California,38.5815719,-121.4943996,Sacramento International Airport,"6900 Airport Blvd, Sacramento",4.1,SMF,174.0,86.0,Delta King Hotel,3.0,CA,us,119.2,Sacramento,California State Railroad Museum,4.5,532.0
34.0,Sacramento,California,38.5815719,-121.4943996,Sacramento International Airport,"6900 Airport Blvd, Sacramento",4.1,SMF,174.0,86.0,Hyatt Regency Sacramento,4.0,CA,us,169.0,Sacramento,California State Railroad Museum,4.5,532.0
34.0,Sacramento,California,38.5815719,-121.4943996,Sacramento International Airport,"6900 Airport Blvd, Sacramento",4.1,SMF,174.0,86.0,"The Fort Sutter Sacramento, Tapestry Collection by Hilton",3.0,CA,us,130.9,Sacramento,California State Railroad Museum,4.5,532.0
34.0,Sacramento,California,38.5815719,-121.4943996,Sacramento International Airport,"6900 Airport Blvd, Sacramento",4.1,SMF,174.0,86.0,Comfort Suites Downtown Sacramento,2.5,CA,us,81.59,Sacramento,California State Railroad Museum,4.5,532.0
35.0,Kansas City,Missouri,39.0997265,-94.5785667,Kansas City International Airport,Kansas City,3.2,MCI,,99.0,Crossroads Hotel,4.0,MO,us,145.35,Kansas City,The Nelson-Atkins Museum of Art,5.0,459.0
35.0,Kansas City,Missouri,39.0997265,-94.5785667,Kansas City International Airport,Kansas City,3.2,MCI,,99.0,21c Museum Hotel Kansas City - MGallery,4.0,MO,us,110.5,Kansas City,The Nelson-Atkins Museum of Art,5.0,459.0
35.0,Kansas City,Missouri,39.0997265,-94.5785667,Kansas City International Airport,Kansas City,3.2,MCI,,99.0,Hotel Indigo Kansas City Downtown,3.5,MO,us,93.54,Kansas City,The Nelson-Atkins Museum of Art,5.0,459.0
35.0,Kansas City,Missouri,39.0997265,-94.5785667,Kansas City International Airport,Kansas City,3.2,MCI,,99.0, Luxe DT Apts with Free Parking by Zencity ,3.5,MO,us,83.56,Kansas City,The Nelson-Atkins Museum of Art,5.0,459.0
35.0,Kansas City,Missouri,39.0997265,-94.5785667,Kansas City International Airport,Kansas City,3.2,MCI,,99.0,Loews Kansas City Hotel,4.0,MO,us,123.25,Kansas City,The Nelson-Atkins Museum of Art,5.0,459.0
35.0,Kansas City,Missouri,39.0997265,-94.5785667,Kansas City International Airport,Kansas City,3.2,MCI,,99.0,THE GRAND - Modern DT Apts with Free Parking by Zencity,3.5,MO,us,96.13,Kansas City,The Nelson-Atkins Museum of Art,5.0,459.0
35.0,Kansas City,Missouri,39.0997265,-94.5785667,Kansas City International Airport,Kansas City,3.2,MCI,,99.0,Swofford - Spacious DT Apts with Free Parking by Zencity,0.0,MO,us,78.8,Kansas City,The Nelson-Atkins Museum of Art,5.0,459.0
35.0,Kansas City,Missouri,39.0997265,-94.5785667,Kansas City International Airport,Kansas City,3.2,MCI,,99.0,La Quinta Inn & Suites by Wyndham Kansas City Beacon Hill,2.5,MO,us,99.0,Kansas City,The Nelson-Atkins Museum of Art,5.0,459.0
36.0,Long Beach,California,33.770050399999995,-118.1937395,Los Angeles International Airport,"1 World Way, Los Angeles",3.5,LAX,79.0,79.0,Best Western Plus Hotel At The Convention Center,3.0,CA,us,102.6,Long Beach,Gondola Getaway,4.5,501.0
36.0,Long Beach,California,33.770050399999995,-118.1937395,Los Angeles International Airport,"1 World Way, Los Angeles",3.5,LAX,79.0,79.0,Greenleaf Hotel,2.0,CA,us,80.99,Long Beach,Gondola Getaway,4.5,501.0
36.0,Long Beach,California,33.770050399999995,-118.1937395,Los Angeles International Airport,"1 World Way, Los Angeles",3.5,LAX,79.0,79.0,Dockside Boat & Bed Long Beach,3.5,CA,us,248.4,Long Beach,Gondola Getaway,4.5,501.0
36.0,Long Beach,California,33.770050399999995,-118.1937395,Los Angeles International Airport,"1 World Way, Los Angeles",3.5,LAX,79.0,79.0,Travelodge by Wyndham Long Beach Convention Center,2.0,CA,us,99.0,Long Beach,Gondola Getaway,4.5,501.0
36.0,Long Beach,California,33.770050399999995,-118.1937395,Los Angeles International Airport,"1 World Way, Los Angeles",3.5,LAX,79.0,79.0,Hotel Royal,2.5,CA,us,66.88,Long Beach,Gondola Getaway,4.5,501.0
36.0,Long Beach,California,33.770050399999995,-118.1937395,Los Angeles International Airport,"1 World Way, Los Angeles",3.5,LAX,79.0,79.0,City Center Motel,2.0,CA,us,75.0,Long Beach,Gondola Getaway,4.5,501.0
36.0,Long Beach,California,33.770050399999995,-118.1937395,Los Angeles International Airport,"1 World Way, Los Angeles",3.5,LAX,79.0,79.0,Inn Of Long Beach,2.5,CA,us,99.0,Long Beach,Gondola Getaway,4.5,501.0
37.0,Mesa,Arizona,33.4151843,-111.8314724,Phoenix Sky Harbor International Airport,"3400 E Sky Harbor Blvd, Phoenix",3.9,PHX,112.0,102.0,Delta Hotels by Marriott Phoenix Mesa,3.5,AZ,us,104.5,Mesa,Riparian Preserve at Water Ranch,4.5,172.0
37.0,Mesa,Arizona,33.4151843,-111.8314724,Phoenix Sky Harbor International Airport,"3400 E Sky Harbor Blvd, Phoenix",3.9,PHX,112.0,102.0,Baymont by Wyndham Mesa Near Downtown,2.5,AZ,us,81.0,Mesa,Riparian Preserve at Water Ranch,4.5,172.0
37.0,Mesa,Arizona,33.4151843,-111.8314724,Phoenix Sky Harbor International Airport,"3400 E Sky Harbor Blvd, Phoenix",3.9,PHX,112.0,102.0,American Inn and Suites,2.5,AZ,us,85.0,Mesa,Riparian Preserve at Water Ranch,4.5,172.0
37.0,Mesa,Arizona,33.4151843,-111.8314724,Phoenix Sky Harbor International Airport,"3400 E Sky Harbor Blvd, Phoenix",3.9,PHX,112.0,102.0,La Quinta Inn & Suites by Wyndham Phoenix Mesa West,2.5,AZ,us,108.0,Mesa,Riparian Preserve at Water Ranch,4.5,172.0
37.0,Mesa,Arizona,33.4151843,-111.8314724,Phoenix Sky Harbor International Airport,"3400 E Sky Harbor Blvd, Phoenix",3.9,PHX,112.0,102.0,Days Hotel by Wyndham Mesa Near Phoenix,2.5,AZ,us,77.18,Mesa,Riparian Preserve at Water Ranch,4.5,172.0
37.0,Mesa,Arizona,33.4151843,-111.8314724,Phoenix Sky Harbor International Airport,"3400 E Sky Harbor Blvd, Phoenix",3.9,PHX,112.0,102.0,American Executive Inn,2.0,AZ,us,53.99,Mesa,Riparian Preserve at Water Ranch,4.5,172.0
37.0,Mesa,Arizona,33.4151843,-111.8314724,Phoenix Sky Harbor International Airport,"3400 E Sky Harbor Blvd, Phoenix",3.9,PHX,112.0,102.0,DoubleTree by Hilton Phoenix Mesa,3.5,AZ,us,126.65,Mesa,Riparian Preserve at Water Ranch,4.5,172.0
38.0,Atlanta,Georgia,33.7489954,-84.3879824,Hartsfield-Jackson Atlanta International Airport,"6000 N Terminal Pkwy, Atlanta",3.9,HNL,339.0,345.0,Reverb by Hard Rock Atlanta Downtown,3.5,GA,us,103.55,Atlanta,Unexpected Atlanta Walking Tours,5.0,86.0
38.0,Atlanta,Georgia,33.7489954,-84.3879824,Hartsfield-Jackson Atlanta International Airport,"6000 N Terminal Pkwy, Atlanta",3.9,HNL,339.0,345.0,The American Hotel Atlanta Downtown - a DoubleTree by Hilton,3.5,GA,us,86.53,Atlanta,Unexpected Atlanta Walking Tours,5.0,86.0
38.0,Atlanta,Georgia,33.7489954,-84.3879824,Hartsfield-Jackson Atlanta International Airport,"6000 N Terminal Pkwy, Atlanta",3.9,HNL,339.0,345.0,Hyatt House Atlanta Downtown,3.5,GA,us,101.15,Atlanta,Unexpected Atlanta Walking Tours,5.0,86.0
38.0,Atlanta,Georgia,33.7489954,-84.3879824,Hartsfield-Jackson Atlanta International Airport,"6000 N Terminal Pkwy, Atlanta",3.9,HNL,339.0,345.0,"The Candler Hotel Atlanta, Curio Collection by Hilton",4.0,GA,us,125.3,Atlanta,Unexpected Atlanta Walking Tours,5.0,86.0
38.0,Atlanta,Georgia,33.7489954,-84.3879824,Hartsfield-Jackson Atlanta International Airport,"6000 N Terminal Pkwy, Atlanta",3.9,HNL,339.0,345.0,Sheraton Atlanta Hotel,4.0,GA,us,83.75,Atlanta,Unexpected Atlanta Walking Tours,5.0,86.0
38.0,Atlanta,Georgia,33.7489954,-84.3879824,Hartsfield-Jackson Atlanta International Airport,"6000 N Terminal Pkwy, Atlanta",3.9,HNL,339.0,345.0,Barclay Hotel Atlanta Downtown,2.5,GA,us,67.64,Atlanta,Unexpected Atlanta Walking Tours,5.0,86.0
38.0,Atlanta,Georgia,33.7489954,-84.3879824,Hartsfield-Jackson Atlanta International Airport,"6000 N Terminal Pkwy, Atlanta",3.9,HNL,339.0,345.0,Omni Atlanta Hotel at CNN Center,4.0,GA,us,152.1,Atlanta,Unexpected Atlanta Walking Tours,5.0,86.0
38.0,Atlanta,Georgia,33.7489954,-84.3879824,Hartsfield-Jackson Atlanta International Airport,"6000 N Terminal Pkwy, Atlanta",3.9,HNL,339.0,345.0,Crowne Plaza Atlanta - Midtown,3.5,GA,us,79.22,Atlanta,Unexpected Atlanta Walking Tours,5.0,86.0
39.0,Colorado Springs,Colorado,38.8338816,-104.8213634,Colorado Springs Airport,"7770 Milton E Proby Pkwy, Colorado Springs",4.3,COS,,,,,,,,,,,
40.0,Virginia Beach,Virginia,36.8529263,-75.977985,Norfolk International Airport,"2200 Norview Ave, Norfolk",3.6,ORF,178.0,119.0,Oceanfront Inn,2.5,VA,us,79.0,Virginia Beach,The Adventure Park At Virginia Aquarium,4.5,127.0
40.0,Virginia Beach,Virginia,36.8529263,-75.977985,Norfolk International Airport,"2200 Norview Ave, Norfolk",3.6,ORF,178.0,119.0,The Ocean Reef Suites at Virginia Beach,2.5,VA,us,53.1,Virginia Beach,The Adventure Park At Virginia Aquarium,4.5,127.0
40.0,Virginia Beach,Virginia,36.8529263,-75.977985,Norfolk International Airport,"2200 Norview Ave, Norfolk",3.6,ORF,178.0,119.0,Sea View Hotel,2.0,VA,us,52.78,Virginia Beach,The Adventure Park At Virginia Aquarium,4.5,127.0
40.0,Virginia Beach,Virginia,36.8529263,-75.977985,Norfolk International Airport,"2200 Norview Ave, Norfolk",3.6,ORF,178.0,119.0,Ocean Holiday,2.5,VA,us,62.1,Virginia Beach,The Adventure Park At Virginia Aquarium,4.5,127.0
40.0,Virginia Beach,Virginia,36.8529263,-75.977985,Norfolk International Airport,"2200 Norview Ave, Norfolk",3.6,ORF,178.0,119.0,Ramada Plaza by Wyndham Virginia Beach,3.0,VA,us,74.69,Virginia Beach,The Adventure Park At Virginia Aquarium,4.5,127.0
40.0,Virginia Beach,Virginia,36.8529263,-75.977985,Norfolk International Airport,"2200 Norview Ave, Norfolk",3.6,ORF,178.0,119.0,The Atrium Resort by VSA Resorts,3.5,VA,us,80.1,Virginia Beach,The Adventure Park At Virginia Aquarium,4.5,127.0
40.0,Virginia Beach,Virginia,36.8529263,-75.977985,Norfolk International Airport,"2200 Norview Ave, Norfolk",3.6,ORF,178.0,119.0,Best Western Plus Sandcastle Beachfront Hotel,2.5,VA,us,72.25,Virginia Beach,The Adventure Park At Virginia Aquarium,4.5,127.0
40.0,Virginia Beach,Virginia,36.8529263,-75.977985,Norfolk International Airport,"2200 Norview Ave, Norfolk",3.6,ORF,178.0,119.0,"Country Inn & Suites by Radisson, Virginia Beach (Oceanfront), VA",3.0,VA,us,78.8,Virginia Beach,The Adventure Park At Virginia Aquarium,4.5,127.0
41.0,Raleigh,North Carolina,35.7795897,-78.6381787,Raleigh-Durham International Airport,"2400 John Brantley Blvd, Morrisville",4.2,RDU,82.0,80.0,Holiday Inn Raleigh Downtown - Capital,3.0,NC,us,94.07,Raleigh,Sarah P Duke Gardens,5.0,254.0
41.0,Raleigh,North Carolina,35.7795897,-78.6381787,Raleigh-Durham International Airport,"2400 John Brantley Blvd, Morrisville",4.2,RDU,82.0,80.0,Red Roof Inn PLUS+ Raleigh NCSU - Convention Center,2.5,NC,us,52.49,Raleigh,Sarah P Duke Gardens,5.0,254.0
41.0,Raleigh,North Carolina,35.7795897,-78.6381787,Raleigh-Durham International Airport,"2400 John Brantley Blvd, Morrisville",4.2,RDU,82.0,80.0,The Longleaf Hotel,2.5,NC,us,124.0,Raleigh,Sarah P Duke Gardens,5.0,254.0
41.0,Raleigh,North Carolina,35.7795897,-78.6381787,Raleigh-Durham International Airport,"2400 John Brantley Blvd, Morrisville",4.2,RDU,82.0,80.0,"Origin Raleigh, a Wyndham Hotel",3.5,NC,us,149.0,Raleigh,Sarah P Duke Gardens,5.0,254.0
41.0,Raleigh,North Carolina,35.7795897,-78.6381787,Raleigh-Durham International Airport,"2400 John Brantley Blvd, Morrisville",4.2,RDU,82.0,80.0,La Quinta Inn & Suites by Wyndham Raleigh Downtown North,2.5,NC,us,80.1,Raleigh,Sarah P Duke Gardens,5.0,254.0
41.0,Raleigh,North Carolina,35.7795897,-78.6381787,Raleigh-Durham International Airport,"2400 John Brantley Blvd, Morrisville",4.2,RDU,82.0,80.0,"Hampton Inn & Suites Raleigh Midtown, NC",2.5,NC,us,105.4,Raleigh,Sarah P Duke Gardens,5.0,254.0
41.0,Raleigh,North Carolina,35.7795897,-78.6381787,Raleigh-Durham International Airport,"2400 John Brantley Blvd, Morrisville",4.2,RDU,82.0,80.0,Sheraton Raleigh Hotel,3.5,NC,us,112.2,Raleigh,Sarah P Duke Gardens,5.0,254.0
41.0,Raleigh,North Carolina,35.7795897,-78.6381787,Raleigh-Durham International Airport,"2400 John Brantley Blvd, Morrisville",4.2,RDU,82.0,80.0,Super 8 by Wyndham Raleigh Downtown,2.0,NC,us,64.0,Raleigh,Sarah P Duke Gardens,5.0,254.0
42.0,Omaha,Nebraska,41.2565369,-95.9345034,Eppley Airfield,"4501 Abbott Dr, Omaha",3.9,OMA,298.0,,,,,,,Omaha,Omaha's Henry Doorly Zoo and Aquarium,4.5,540.0
43.0,Miami,Florida,25.7616798,-80.1917902,Miami International Airport,"2100 NW 42nd Ave, Miami",3.6,MIA,87.0,69.0,,,,,,Miami,Everglades Nature Tours,5.0,124.0
44.0,Oakland,California,37.8043637,-122.27111370000002,San Francisco International Airport,"800 E Atherton Dr, Manteca",4.1,SFO,114.0,72.0,,,,,,Oakland,Redwood Valley Railway,5.0,179.0
45.0,Minneapolis,Minnesota,44.977753,-93.2650108,Minneapolis−Saint Paul International Airport,Minnesota,4.1,MSP,142.0,87.0,,,,,,Minneapolis,Lake Harriet,5.0,83.0
46.0,Tulsa,Oklahoma,36.1539816,-95.992775,Tulsa International Airport,"7777 E Apache St, Tulsa",4.0,TUL,,,,,,,,Tulsa,Gathering Place,4.5,169.0
47.0,Wichita,Kansas,37.6871761,-97.330053,Wichita Dwight D. Eisenhower National Airport,"2277 Eisenhower Airport Pkwy, Wichita",4.1,ICT,,,,,,,,Wichita,Keeper Of The Plains Plaza,5.0,26.0
48.0,New Orleans,Louisiana,29.9510658,-90.0715323,Louis Armstrong New Orleans International Airport,"900 Airline Dr, Kenner",3.4,MSY,71.0,99.0,,,,,,New Orleans,New Orleans Kayak Swamp Tours,5.0,197.0
49.0,Arlington,Texas,32.735687,-97.1080656,Dallas/Fort Worth International Airport,"2400 Aviation Dr, DFW Airport",3.8,DFW,68.0,93.0,,,,,,Arlington,Cedar Ridge Preserve,4.5,203.0
50.0,Cleveland,Ohio,41.49932,-81.6943605,Cleveland Hopkins International Airport,"5300 Riverside Dr, Cleveland",3.6,CLE,108.0,,,,,,,Cleveland,The Cleveland Museum of Art,5.0,437.0
51.0,Bakersfield,California,35.3732921,-119.0187125,Meadows Field Airport,"3701 Wings Way, Bakersfield",4.1,BFL,,,,,,,,Bakersfield,Bakersfield River Run,4.5,74.0
52.0,Tampa,Florida,27.950575,-82.4571776,Tampa International Airport,"4100 George J Bean Pkwy, Tampa",4.4,TPA,,,,,,,,Tampa,The Tampa Riverwalk,4.5,189.0
53.0,Aurora,Colorado,39.7294319,-104.8319195,Denver International Airport,"8500 Peña Blvd, Denver",4.0,DEN,,,,,,,,Aurora,Dreamtime Creations,3.0,9.0
54.0,Honolulu,Hawai'i,21.3069444,-157.8583333,Honolulu International Airport,"300 Rodgers Blvd, Honolulu",3.5,HNL,,,,,,,,Honolulu,WWII Red Light District Tour,5.0,68.0
55.0,Anaheim,California,33.8365932,-117.9143012,Los Angeles International Airport,"1 World Way, Los Angeles",3.5,LAX,,,,,,,,Anaheim,Lights on Miracle Hill,5.0,50.0
56.0,Santa Ana,California,33.7454725,-117.867653,Los Angeles International Airport,"1 World Way, Los Angeles",3.5,LAX,,,,,,,,Santa Ana,Susan Grau,5.0,247.0
57.0,Corpus Christi,Texas,27.8005828,-97.396381,Corpus Christi International Airport,"1000 International Dr, Corpus Christi",4.2,CRP,,,,,,,,Corpus Christi,USS Lexington Museum,4.5,247.0
58.0,Riverside,California,33.9806005,-117.3754942,LA/Ontario International Airport,Ontario,4.2,ONT,,,,,,,,Riverside,National Museum of the United States Air Force,5.0,325.0
59.0,St. Louis,Missouri,38.6270025,-90.1994042,St. Louis Lambert International Airport,"10701 Lambert International Blvd, St. Louis",3.6,STL,,,,,,,,St. Louis,Forest Park,5.0,292.0
60.0,Lexington,Kentucky,38.040583700000006,-84.50371640000002,Blue Grass Airport,"4000 Terminal Dr, Lexington",4.3,LEX,,,,,,,,Lexington,Keeneland,4.5,139.0
61.0,Stockton,California,37.9577016,-121.29077959999998,San Francisco International Airport,"801 E Atherton Dr, Manteca",,SFO,,,,,,,,,,,
62.0,Pittsburgh,Pennsylvania,40.4406248,-79.9958864,Pittsburgh International Airport,"1000 Airport Blvd, Pittsburgh",4.2,PIT,,,,,,,,Pittsburgh,Bicycle Heaven,5.0,189.0
63.0,Saint Paul,Minnesota,44.9537029,-93.0899578,Minneapolis−Saint Paul International Airport,Minnesota,4.1,MSP,,,,,,,,Saint Paul,Arkadia Retrocade,5.0,46.0
64.0,Anchorage,Alaska,61.2180556,-149.90027780000003,Ted Stevens Anchorage International Airport,"5000 W International Airport Rd, Anchorage",4.2,ANC,,,,,,,,Anchorage,Anchorage Museum,4.5,179.0
65.0,Cincinnati,Ohio,39.1031182,-84.5120196,Cincinnati/Northern Kentucky International Airport,"3087 Terminal Dr, Hebron",3.8,CVG,,,,,,,,Cincinnati,Smale Riverfront Park,5.0,105.0
66.0,Henderson,Nevada,36.0395247,-114.9817213,McCarran International Airport,"5757 Wayne Newton Blvd, Las Vegas",3.9,LAS,,,,,,,,Henderson,Sin City Smash,5.0,115.0
67.0,Greensboro,North Carolina,36.0726354,-79.79197540000001,Piedmont Triad International Airport,"1000 Ted Johnson Pkwy, Greensboro",4.4,GSO,,,,,,,,Greensboro,Greensboro Science Center,4.5,127.0
68.0,Plano,Texas,33.0198431,-96.6988856,Dallas/Fort Worth International Airport,"2400 Aviation Dr, DFW Airport",3.8,DFW,,,,,,,,Plano,Vitruvian Park,4.5,72.0
69.0,Newark,New Jersey,40.735657,-74.1723667,Newark Liberty International Airport,"3 Brewster Rd, Newark",3.2,EWR,,,,,,,,Newark,Scott's Pizza Tours,5.0,319.0
70.0,Toledo,Ohio,41.6528052,-83.53786740000002,Toledo Express Airport,"11013 Airport Hwy #11, Swanton",3.8,TOL,,,,,,,,Toledo,Toledo Museum of Art,4.5,117.0
71.0,Lincoln,Nebraska,40.813616,-96.7025955,Lincoln Airport,"2400 W Adams St, Lincoln",3.5,LINK,,,,,,,,Lincoln,Comfort Inn & Suites,3.0,5.0
72.0,Orlando,Florida,28.5383355,-81.3792365,Orlando International Airport,"1 Jeff Fuqua Blvd, Orlando",3.7,MCO,,,,,,,,Orlando,Diagon Alley,4.5,241.0
73.0,Chula Vista,California,32.6400541,-117.0841955,San Diego International Airport,"3225 N Harbor Dr, San Diego",3.9,SAN,,,,,,,,Chula Vista,Balboa Park,5.0,2124.0
74.0,Jersey City,New Jersey,40.7281575,-74.0776417,Newark Liberty International Airport,"3 Brewster Rd, Newark",3.2,EWR,,,,,,,,Jersey City,The High Line,4.5,2354.0
75.0,Chandler,Arizona,33.3061605,-111.8412502,Phoenix Sky Harbor International Airport,"3400 E Sky Harbor Blvd, Phoenix",3.9,PHX,,,,,,,,Chandler,Western Destinations,5.0,50.0
76.0,Fort Wayne,Indiana,41.079273,-85.13935129999999,Fort Wayne International Airport,"3801 W Ferguson Rd, Fort Wayne",3.7,FWA,,,,,,,,Fort Wayne,Auburn Cord Duesenberg Automobile Museum,5.0,36.0
77.0,Buffalo,New York,42.8864468,-78.8783689,Buffalo Niagara International Airport,"4200 Genesee St, Buffalo",4.1,BUF,,,,,,,,Buffalo,Cave Of The Winds,4.5,197.0
78.0,Durham,North Carolina,35.99403289999999,-78.898619,Raleigh-Durham International Airport,"2400 John Brantley Blvd, Morrisville",4.2,RDU,,,,,,,,Durham,Sarah P Duke Gardens,5.0,254.0
79.0,St. Petersburg,Florida,27.767600800000004,-82.6402915,Tampa International Airport,"4100 George J Bean Pkwy, Tampa",4.4,TPA,,,,,,,,St. Petersburg,Gators Parasail,5.0,63.0
80.0,Irvine,California,33.6845673,-117.82650490000002,LA/Ontario International Airport,Ontario,4.2,ONT,,,,,,,,Irvine,Susan Grau,5.0,247.0
81.0,Laredo,Texas,27.530567100000006,-99.4803241,Laredo International Airport,"5210 Bob Bullock Loop, Laredo",4.0,LRD,,,,,,,,Laredo,La Posada Hotel,3.5,43.0
82.0,Lubbock,Texas,33.5778631,-101.8551665,Lubbock Preston Smith International Airport,"5401 N Martin L King Blvd, Lubbock",3.7,LBB,,,,,,,,Lubbock,Hilton Garden Inn Lubbock,4.5,37.0
83.0,Madison,Wisconsin,43.07305170000001,-89.4012302,Dane County Regional Airport,"4000 International Ln, Madison",4.1,MSN,,,,,,,,Madison,Wisconsin State Capitol,4.5,101.0
84.0,Gilbert,Arizona,33.3528264,-111.789027,Phoenix Sky Harbor International Airport,"3400 E Sky Harbor Blvd, Phoenix",3.9,PHX,,,,,,,,Gilbert,Veterans Oasis Park,5.0,102.0
85.0,Norfolk,Virginia,36.8507689,-76.28587259999998,Norfolk International Airport,"2200 Norview Ave, Norfolk",3.6,ORF,,,,,,,,Norfolk,Chrysler Museum of Art,5.0,158.0
86.0,Reno,Nevada,39.5296329,-119.8138027,Reno-Tahoe International Airport,"2001 E Plumb Ln, Reno",4.1,RNO,,,,,,,,Reno,Tahoe Vista Treetop Adventure Park,5.0,150.0
87.0,Winston-Salem,North Carolina,36.0998596,-80.24421600000002,Piedmont Triad International Airport,"1000 Ted Johnson Pkwy, Greensboro",4.4,GSO,,,,,,,,Winston-Salem,Fiddlin' Fish Brewing,4.5,79.0
88.0,Glendale,Arizona,33.538652299999995,-112.1859866,Phoenix Sky Harbor International Airport,"3400 E Sky Harbor Blvd, Phoenix",3.9,PHX,,,,,,,,Glendale,Arlington Garden in Pasadena,4.5,249.0
89.0,Hialeah,Florida,25.8575963,-80.2781057,Miami International Airport,"2100 NW 42nd Ave, Miami",3.6,MIA,,,,,,,,Hialeah,Wynwood Walls,4.5,1027.0
90.0,Garland,Texas,32.912624,-96.6388833,Dallas/Fort Worth International Airport,"2400 Aviation Dr, DFW Airport",3.8,DFW,,,,,,,,Garland,Dallas Arboretum,4.5,822.0
91.0,Scottsdale,Arizona,33.494170399999994,-111.9260519,Phoenix Sky Harbor International Airport,"3400 E Sky Harbor Blvd, Phoenix",3.9,PHX,,,,,,,,Scottsdale,Western Destinations,5.0,50.0
92.0,Irving,Texas,32.814017699999994,-96.9488945,Dallas/Fort Worth International Airport,"2400 Aviation Dr, DFW Airport",3.8,DFW,,,,,,,,Irving,Vitruvian Park,4.5,72.0
93.0,Chesapeake,Virginia,36.7682088,-76.2874927,Norfolk International Airport,"2200 Norview Ave, Norfolk",3.6,ORF,,,,,,,,Chesapeake,Chrysler Museum of Art,5.0,158.0
94.0,North Las Vegas,Nevada,36.1988592,-115.1175013,McCarran International Airport,"5757 Wayne Newton Blvd, Las Vegas",3.9,LAS,,,,,,,,North Las Vegas,Lip Smacking Foodie Tours,5.0,389.0
95.0,Fremont,California,37.54826970000001,-121.9885719,San Francisco International Airport,"802 E Atherton Dr, Manteca",4.1,SFO,,,,,,,,Fremont,Widmer World,5.0,52.0
96.0,Baton Rouge,Louisiana,30.451467699999995,-91.1871466,Baton Rouge Metropolitan Airport,"9430 Jackie Cochran Dr, Baton Rouge",3.8,BTR,,,,,,,,Baton Rouge,Mike the Tiger Habitat,5.0,37.0
97.0,Richmond,Virginia,37.5407246,-77.4360481,Richmond International Airport,"1 Richard E Byrd Terminal Dr, Richmond",4.1,RIC,,,,,,,,Richmond,Maymont,5.0,291.0
98.0,Boise,Idaho,43.6187102,-116.2146068,Eckhart International Airport-1S1,"County Rd 46, Boise",,BOI,,,,,,,,,,,
99.0,San Bernardino,California,34.1083449,-117.2897652,LA/Ontario International Airport,Ontario,4.2,ONT,,,,,,,,San Bernardino,Palm Springs Aerial Tramway,4.5,1310.0
,Tempe,,,,,,,,,,Extend A Suites Tempe,2.5,AZ,us,62.99,,,,
,Tempe,,,,,,,,,,Extend A Suites Tempe,2.5,AZ,us,62.99,,,,
,Ciudad Juarez,,,,,,,,,,Hotel Flamingo Juarez,3.0,CHIH,mx,70.72,,,,
,Ciudad Juarez,,,,,,,,,,Hotel Santa Fe ,3.0,CHIH,mx,37.48,,,,
,Quincy,,,,,,,,,,Brookside House,2.5,MA,us,75.0,,,,
,Clarksville,,,,,,,,,,Best Western Plus Louisville North,2.5,IN,us,65.44,,,,
,Los Alamitos,,,,,,,,,,Fairfield Inn & Suites by Marriott Anaheim Los Alamitos,2.5,CA,us,109.0,,,,
